type,latitude,longitude,altitude (m),name,desc,kml_folder
T,42.327415344,-83.048191896,182.8,Detroit SEM,,Detroit.kml
T,42.327434632,-83.048207844,182.7,,,
T,42.327454621,-83.048224133,182.6,,,
T,42.327474734,-83.048240595,182.5,,,
T,42.327493241,-83.048255025,182.4,,,
T,42.327511280,-83.048268042,182.4,,,
T,42.327532503,-83.048286221,182.3,,,
T,42.327549471,-83.048300607,182.2,,,
T,42.327565211,-83.048313379,182.1,,,
T,42.327580067,-83.048324938,182.0,,,
T,42.327594441,-83.048336163,181.9,,,
T,42.327608315,-83.048346138,181.9,,,
T,42.327626194,-83.048359845,181.8,,,
T,42.327641496,-83.048371215,181.7,,,
T,42.327654838,-83.048382056,181.7,,,
T,42.327664279,-83.048388890,181.6,,,
T,42.327674760,-83.048396863,181.6,,,
T,42.327686182,-83.048405778,181.6,,,
T,42.327697081,-83.048414007,181.5,,,
T,42.327708660,-83.048423646,181.5,,,
T,42.327719744,-83.048432003,181.4,,,
T,42.327731739,-83.048441518,181.3,,,
T,42.327744336,-83.048451726,181.2,,,
T,42.327756027,-83.048460435,181.2,,,
T,42.327766379,-83.048468139,181.1,,,
T,42.327777032,-83.048476066,181.0,,,
T,42.327788758,-83.048484799,180.9,,,
T,42.327801260,-83.048494935,180.9,,,
T,42.327816245,-83.048505279,180.8,,,
T,42.327828003,-83.048514906,180.7,,,
T,42.327843814,-83.048526705,180.6,,,
T,42.327856593,-83.048536239,180.5,,,
T,42.327871455,-83.048547332,180.5,,,
T,42.327885666,-83.048557556,180.4,,,
T,42.327898800,-83.048566596,180.3,,,
T,42.327913634,-83.048576720,180.2,,,
T,42.327926393,-83.048585423,180.2,,,
T,42.327943164,-83.048596869,180.2,,,
T,42.327960105,-83.048607530,180.1,,,
T,42.327972689,-83.048614979,180.1,,,
T,42.327986275,-83.048623027,180.1,,,
T,42.327998739,-83.048630593,180.1,,,
T,42.328012315,-83.048638815,180.1,,,
T,42.328025373,-83.048647778,180.1,,,
T,42.328038961,-83.048656763,180.1,,,
T,42.328054568,-83.048666667,180.1,,,
T,42.328069682,-83.048675437,180.1,,,
T,42.328084071,-83.048683887,180.1,,,
T,42.328097290,-83.048692730,180.1,,,
T,42.328111412,-83.048702042,180.1,,,
T,42.328124898,-83.048711153,180.1,,,
T,42.328137569,-83.048719281,180.1,,,
T,42.328151194,-83.048728379,180.1,,,
T,42.328164017,-83.048736301,180.1,,,
T,42.328178662,-83.048746382,180.1,,,
T,42.328194879,-83.048757257,180.1,,,
T,42.328208857,-83.048766561,180.2,,,
T,42.328225067,-83.048776996,180.2,,,
T,42.328240294,-83.048787106,180.2,,,
T,42.328255396,-83.048797147,180.2,,,
T,42.328269908,-83.048805982,180.3,,,
T,42.328284544,-83.048815691,180.3,,,
T,42.328296092,-83.048823916,180.3,,,
T,42.328308635,-83.048832355,180.3,,,
T,42.328320438,-83.048839962,180.3,,,
T,42.328335162,-83.048850790,180.4,,,
T,42.328348605,-83.048859754,180.4,,,
T,42.328363913,-83.048869949,180.4,,,
T,42.328380076,-83.048880921,180.4,,,
T,42.328395638,-83.048890263,180.4,,,
T,42.328409374,-83.048899525,180.4,,,
T,42.328421637,-83.048907911,180.4,,,
T,42.328436309,-83.048918160,180.4,,,
T,42.328450089,-83.048927112,180.4,,,
T,42.328463923,-83.048936562,180.4,,,
T,42.328477959,-83.048946257,180.4,,,
T,42.328488155,-83.048953330,180.4,,,
T,42.328502403,-83.048962929,180.5,,,
T,42.328516866,-83.048972344,180.6,,,
T,42.328534682,-83.048984974,180.6,,,
T,42.328549927,-83.048995682,180.7,,,
T,42.328562088,-83.049004311,180.7,,,
T,42.328575951,-83.049013680,180.8,,,
T,42.328590918,-83.049023884,180.8,,,
T,42.328607014,-83.049034816,180.9,,,
T,42.328624743,-83.049046805,181.0,,,
T,42.328638033,-83.049055756,181.0,,,
T,42.328653354,-83.049066036,181.1,,,
T,42.328667283,-83.049075833,181.1,,,
T,42.328682496,-83.049085972,181.2,,,
T,42.328702071,-83.049099237,181.3,,,
T,42.328714845,-83.049107894,181.3,,,
T,42.328730388,-83.049118425,181.3,,,
T,42.328747034,-83.049129717,181.4,,,
T,42.328759221,-83.049137715,181.4,,,
T,42.328780448,-83.049152841,181.5,,,
T,42.328794131,-83.049161652,181.5,,,
T,42.328809704,-83.049172093,181.5,,,
T,42.328826291,-83.049183283,181.6,,,
T,42.328846474,-83.049196992,181.7,,,
T,42.328862927,-83.049207975,181.7,,,
T,42.328882008,-83.049220229,181.8,,,
T,42.328896188,-83.049228953,181.9,,,
T,42.328912815,-83.049238300,182.0,,,
T,42.328929370,-83.049249302,182.1,,,
T,42.328944381,-83.049259312,182.1,,,
T,42.328960530,-83.049270065,182.2,,,
T,42.328975387,-83.049279603,182.4,,,
T,42.328994294,-83.049292310,182.5,,,
T,42.329009259,-83.049302333,182.6,,,
T,42.329024763,-83.049312710,182.7,,,
T,42.329045724,-83.049326919,182.8,,,
T,42.329063715,-83.049339099,182.9,,,
T,42.329081916,-83.049351431,183.1,,,
T,42.329100937,-83.049364326,183.2,,,
T,42.329125425,-83.049380897,183.3,,,
T,42.329137132,-83.049388795,183.4,,,
T,42.329153567,-83.049400006,183.4,,,
T,42.329167086,-83.049408990,183.5,,,
T,42.329183132,-83.049419585,183.6,,,
T,42.329202264,-83.049432441,183.7,,,
T,42.329226510,-83.049448871,183.8,,,
T,42.329244257,-83.049460693,183.9,,,
T,42.329261946,-83.049472296,183.9,,,
T,42.329281420,-83.049485019,184.0,,,
T,42.329303861,-83.049500173,184.1,,,
T,42.329327835,-83.049515949,184.2,,,
T,42.329345716,-83.049528529,184.3,,,
T,42.329367883,-83.049544994,184.4,,,
T,42.329386508,-83.049557953,184.4,,,
T,42.329404400,-83.049570798,184.5,,,
T,42.329424690,-83.049584759,184.6,,,
T,42.329446176,-83.049601152,184.7,,,
T,42.329465543,-83.049614962,184.8,,,
T,42.329487190,-83.049630452,184.8,,,
T,42.329500837,-83.049641480,184.9,,,
T,42.329514345,-83.049652188,185.0,,,
T,42.329528271,-83.049663542,185.0,,,
T,42.329538706,-83.049672832,185.0,,,
T,42.329550102,-83.049681871,185.1,,,
T,42.329561430,-83.049690780,185.1,,,
T,42.329573424,-83.049700272,185.2,,,
T,42.329586469,-83.049710534,185.2,,,
T,42.329596455,-83.049718381,185.2,,,
T,42.329610780,-83.049729623,185.2,,,
T,42.329625487,-83.049741827,185.2,,,
T,42.329635886,-83.049750597,185.2,,,
T,42.329648793,-83.049760763,185.2,,,
T,42.329664865,-83.049773530,185.2,,,
T,42.329677821,-83.049783737,185.2,,,
T,42.329688833,-83.049792409,185.2,,,
T,42.329705109,-83.049805209,185.2,,,
T,42.329716908,-83.049814474,185.2,,,
T,42.329731964,-83.049826314,185.2,,,
T,42.329749838,-83.049841098,185.2,,,
T,42.329761259,-83.049849976,185.2,,,
T,42.329772302,-83.049860446,185.2,,,
T,42.329790490,-83.049876575,185.2,,,
T,42.329810980,-83.049892648,185.2,,,
T,42.329833649,-83.049911027,185.2,,,
T,42.329844090,-83.049918857,185.2,,,
T,42.329856223,-83.049928279,185.2,,,
T,42.329870492,-83.049940697,185.2,,,
T,42.329885086,-83.049954165,185.2,,,
T,42.329899328,-83.049966035,185.2,,,
T,42.329916661,-83.049979749,185.2,,,
T,42.329932097,-83.049991903,185.1,,,
T,42.329945623,-83.050002493,185.1,,,
T,42.329959586,-83.050014107,185.1,,,
T,42.329973060,-83.050024700,185.1,,,
T,42.329985955,-83.050034797,185.1,,,
T,42.330003112,-83.050048282,185.1,,,
T,42.330017646,-83.050059629,185.0,,,
T,42.330036835,-83.050074836,185.0,,,
T,42.330052692,-83.050088470,185.0,,,
T,42.330069181,-83.050101356,185.0,,,
T,42.330088963,-83.050116777,185.0,,,
T,42.330107594,-83.050132735,184.9,,,
T,42.330123977,-83.050146280,184.9,,,
T,42.330140124,-83.050158947,184.9,,,
T,42.330156137,-83.050171593,184.9,,,
T,42.330171090,-83.050184166,184.8,,,
T,42.330187402,-83.050197653,184.8,,,
T,42.330201536,-83.050209507,184.8,,,
T,42.330215985,-83.050220853,184.8,,,
T,42.330231901,-83.050234122,184.7,,,
T,42.330247264,-83.050246167,184.7,,,
T,42.330261714,-83.050257460,184.7,,,
T,42.330276384,-83.050268994,184.7,,,
T,42.330295252,-83.050285305,184.7,,,
T,42.330311823,-83.050299071,184.6,,,
T,42.330324886,-83.050310051,184.6,,,
T,42.330340990,-83.050322720,184.6,,,
T,42.330355743,-83.050334308,184.6,,,
T,42.330375117,-83.050349538,184.6,,,
T,42.330389816,-83.050361071,184.5,,,
T,42.330406555,-83.050374253,184.5,,,
T,42.330425215,-83.050388905,184.5,,,
T,42.330444251,-83.050403892,184.5,,,
T,42.330459560,-83.050415928,184.5,,,
T,42.330475860,-83.050427968,184.5,,,
T,42.330497807,-83.050445234,184.5,,,
T,42.330514620,-83.050458437,184.4,,,
T,42.330529493,-83.050470134,184.4,,,
T,42.330546072,-83.050483173,184.4,,,
T,42.330558351,-83.050492816,184.4,,,
T,42.330572789,-83.050504151,184.4,,,
T,42.330587750,-83.050515912,184.4,,,
T,42.330606326,-83.050530515,184.3,,,
T,42.330624859,-83.050544323,184.3,,,
T,42.330642320,-83.050557263,184.3,,,
T,42.330660449,-83.050569912,184.3,,,
T,42.330678846,-83.050583573,184.2,,,
T,42.330698612,-83.050596723,184.2,,,
T,42.330718464,-83.050611422,184.2,,,
T,42.330739526,-83.050625507,184.1,,,
T,42.330758281,-83.050637518,184.1,,,
T,42.330778186,-83.050649243,184.0,,,
T,42.330795710,-83.050659344,184.0,,,
T,42.330816069,-83.050670494,184.0,,,
T,42.330835791,-83.050680466,183.9,,,
T,42.330856019,-83.050690057,183.9,,,
T,42.330877299,-83.050700963,183.8,,,
T,42.330892287,-83.050708695,183.8,,,
T,42.330907572,-83.050716251,183.8,,,
T,42.330923688,-83.050724410,183.8,,,
T,42.330939101,-83.050732142,183.7,,,
T,42.330954494,-83.050739831,183.7,,,
T,42.330969395,-83.050747355,183.7,,,
T,42.330983406,-83.050752893,183.7,,,
T,42.331000727,-83.050760664,183.7,,,
T,42.331019382,-83.050768537,183.6,,,
T,42.331038568,-83.050776704,183.6,,,
T,42.331056671,-83.050782745,183.6,,,
T,42.331077600,-83.050789819,183.6,,,
T,42.331096054,-83.050795804,183.6,,,
T,42.331114678,-83.050801939,183.5,,,
T,42.331133666,-83.050808390,183.5,,,
T,42.331154764,-83.050814437,183.5,,,
T,42.331173464,-83.050819837,183.5,,,
T,42.331192688,-83.050824209,183.5,,,
T,42.331210710,-83.050827135,183.4,,,
T,42.331229071,-83.050829617,183.4,,,
T,42.331249955,-83.050831728,183.4,,,
T,42.331270139,-83.050833285,183.4,,,
T,42.331288376,-83.050833586,183.3,,,
T,42.331309384,-83.050835226,183.3,,,
T,42.331329861,-83.050836435,183.2,,,
T,42.331348420,-83.050836485,183.2,,,
T,42.331368371,-83.050834547,183.1,,,
T,42.331389823,-83.050833547,183.1,,,
T,42.331410515,-83.050832236,183.0,,,
T,42.331430385,-83.050831062,183.0,,,
T,42.331450273,-83.050829646,182.9,,,
T,42.331469116,-83.050829984,182.9,,,
T,42.331490892,-83.050828514,182.8,,,
T,42.331510761,-83.050829706,182.8,,,
T,42.331528021,-83.050828784,182.8,,,
T,42.331547110,-83.050826541,182.7,,,
T,42.331564963,-83.050826066,182.7,,,
T,42.331586595,-83.050826139,182.7,,,
T,42.331607008,-83.050826189,182.7,,,
T,42.331625216,-83.050826494,182.7,,,
T,42.331646708,-83.050826325,182.7,,,
T,42.331669464,-83.050824796,182.7,,,
T,42.331693574,-83.050822310,182.6,,,
T,42.331715525,-83.050820099,182.6,,,
T,42.331740434,-83.050820120,182.6,,,
T,42.331762383,-83.050820428,182.6,,,
T,42.331783016,-83.050820557,182.6,,,
T,42.331806271,-83.050820841,182.5,,,
T,42.331832689,-83.050822833,182.5,,,
T,42.331858924,-83.050822061,182.5,,,
T,42.331886816,-83.050821563,182.5,,,
T,42.331912628,-83.050820469,182.5,,,
T,42.331938315,-83.050820020,182.5,,,
T,42.331968986,-83.050818685,182.5,,,
T,42.331994616,-83.050818005,182.5,,,
T,42.332023662,-83.050818104,182.5,,,
T,42.332055523,-83.050815940,182.5,,,
T,42.332087252,-83.050816402,182.5,,,
T,42.332115836,-83.050816709,182.4,,,
T,42.332150652,-83.050817549,182.4,,,
T,42.332187275,-83.050816162,182.4,,,
T,42.332221296,-83.050815777,182.4,,,
T,42.332261593,-83.050816304,182.3,,,
T,42.332294220,-83.050816998,182.3,,,
T,42.332325931,-83.050817574,182.3,,,
T,42.332362424,-83.050817615,182.2,,,
T,42.332397306,-83.050817765,182.2,,,
T,42.332428183,-83.050816686,182.2,,,
T,42.332459721,-83.050815619,182.2,,,
T,42.332496981,-83.050814628,182.2,,,
T,42.332535931,-83.050813734,182.2,,,
T,42.332571054,-83.050812982,182.2,,,
T,42.332607652,-83.050812402,182.2,,,
T,42.332645778,-83.050811713,182.2,,,
T,42.332683444,-83.050812457,182.3,,,
T,42.332727102,-83.050813653,182.3,,,
T,42.332766034,-83.050813884,182.4,,,
T,42.332802648,-83.050813959,182.4,,,
T,42.332837189,-83.050813610,182.5,,,
T,42.332871733,-83.050813214,182.5,,,
T,42.332906696,-83.050812300,182.5,,,
T,42.332944072,-83.050810850,182.6,,,
T,42.332986132,-83.050811552,182.6,,,
T,42.333019491,-83.050811991,182.6,,,
T,42.333058185,-83.050811361,182.6,,,
T,42.333086946,-83.050811797,182.7,,,
T,42.333124475,-83.050812717,182.7,,,
T,42.333158170,-83.050813145,182.7,,,
T,42.333189936,-83.050812595,182.7,,,
T,42.333221236,-83.050812102,182.7,,,
T,42.333249890,-83.050811897,182.7,,,
T,42.333277323,-83.050812282,182.7,,,
T,42.333306583,-83.050813287,182.7,,,
T,42.333335910,-83.050814577,182.7,,,
T,42.333367759,-83.050815480,182.7,,,
T,42.333397567,-83.050816296,182.7,,,
T,42.333428815,-83.050816690,182.7,,,
T,42.333460903,-83.050818289,182.7,,,
T,42.333486862,-83.050819570,182.7,,,
T,42.333518418,-83.050821114,182.6,,,
T,42.333547124,-83.050822217,182.6,,,
T,42.333574438,-83.050823830,182.6,,,
T,42.333604917,-83.050825870,182.5,,,
T,42.333636326,-83.050827547,182.5,,,
T,42.333664983,-83.050827093,182.5,,,
T,42.333694049,-83.050827506,182.4,,,
T,42.333721760,-83.050827743,182.4,,,
T,42.333752689,-83.050828223,182.4,,,
T,42.333779964,-83.050827848,182.4,,,
T,42.333809585,-83.050828991,182.4,,,
T,42.333835921,-83.050828795,182.5,,,
T,42.333865874,-83.050828249,182.5,,,
T,42.333898909,-83.050827541,182.5,,,
T,42.333927923,-83.050828423,182.6,,,
T,42.333957734,-83.050829236,182.6,,,
T,42.333981147,-83.050828660,182.6,,,
T,42.334006032,-83.050829891,182.7,,,
T,42.334031443,-83.050831296,182.7,,,
T,42.334058162,-83.050830909,182.7,,,
T,42.334078399,-83.050830707,182.7,,,
T,42.334101102,-83.050831065,182.7,,,
T,42.334125041,-83.050831632,182.7,,,
T,42.334145048,-83.050832779,182.7,,,
T,42.334167950,-83.050834198,182.8,,,
T,42.334194235,-83.050835500,182.8,,,
T,42.334219218,-83.050836014,182.8,,,
T,42.334243320,-83.050836650,182.8,,,
T,42.334265450,-83.050836353,182.8,,,
T,42.334283498,-83.050835932,182.8,,,
T,42.334302697,-83.050835426,182.8,,,
T,42.334323241,-83.050836553,182.8,,,
T,42.334345011,-83.050836783,182.8,,,
T,42.334368277,-83.050838107,182.7,,,
T,42.334392456,-83.050838684,182.7,,,
T,42.334418281,-83.050839213,182.7,,,
T,42.334447276,-83.050840496,182.7,,,
T,42.334475229,-83.050840654,182.6,,,
T,42.334502487,-83.050840899,182.6,,,
T,42.334526952,-83.050838263,182.6,,,
T,42.334559026,-83.050839263,182.5,,,
T,42.334584896,-83.050840582,182.5,,,
T,42.334607945,-83.050841474,182.5,,,
T,42.334634131,-83.050842854,182.6,,,
T,42.334660191,-83.050843003,182.6,,,
T,42.334685289,-83.050843451,182.7,,,
T,42.334714385,-83.050841334,182.7,,,
T,42.334742682,-83.050841657,182.7,,,
T,42.334774076,-83.050842639,182.8,,,
T,42.334797211,-83.050844181,182.8,,,
T,42.334825114,-83.050844695,182.9,,,
T,42.334853335,-83.050843141,182.9,,,
T,42.334887963,-83.050842906,182.9,,,
T,42.334916237,-83.050842016,182.9,,,
T,42.334949324,-83.050841695,182.9,,,
T,42.334975696,-83.050840691,183.0,,,
T,42.335009802,-83.050841342,183.0,,,
T,42.335039908,-83.050839999,183.0,,,
T,42.335065978,-83.050840861,183.0,,,
T,42.335094522,-83.050843853,183.0,,,
T,42.335120928,-83.050844743,183.0,,,
T,42.335145010,-83.050846585,183.0,,,
T,42.335167889,-83.050848034,183.0,,,
T,42.335192249,-83.050849380,183.1,,,
T,42.335215922,-83.050850779,183.1,,,
T,42.335239498,-83.050851442,183.1,,,
T,42.335262743,-83.050852131,183.1,,,
T,42.335287099,-83.050852575,183.1,,,
T,42.335309969,-83.050854133,183.1,,,
T,42.335328995,-83.050853877,183.1,,,
T,42.335346995,-83.050853410,183.2,,,
T,42.335366828,-83.050855365,183.2,,,
T,42.335387000,-83.050856278,183.2,,,
T,42.335403276,-83.050857666,183.2,,,
T,42.335422565,-83.050858994,183.2,,,
T,42.335442726,-83.050858957,183.2,,,
T,42.335463268,-83.050859560,183.2,,,
T,42.335486051,-83.050860130,183.1,,,
T,42.335506446,-83.050861541,183.1,,,
T,42.335527711,-83.050861986,183.1,,,
T,42.335546427,-83.050862829,183.1,,,
T,42.335563575,-83.050864244,183.1,,,
T,42.335580669,-83.050865106,183.1,,,
T,42.335597715,-83.050865963,183.0,,,
T,42.335615125,-83.050866287,183.0,,,
T,42.335634766,-83.050867355,183.0,,,
T,42.335648501,-83.050867506,183.0,,,
T,42.335666404,-83.050868406,183.0,,,
T,42.335681883,-83.050870649,183.0,,,
T,42.335696445,-83.050868758,183.0,,,
T,42.335710638,-83.050863984,182.9,,,
T,42.335726556,-83.050856627,182.9,,,
T,42.335740306,-83.050849150,182.9,,,
T,42.335754749,-83.050838822,182.8,,,
T,42.335766887,-83.050828377,182.8,,,
T,42.335778635,-83.050815751,182.7,,,
T,42.335788376,-83.050799785,182.7,,,
T,42.335798064,-83.050779542,182.6,,,
T,42.335804357,-83.050762675,182.5,,,
T,42.335809709,-83.050748854,182.4,,,
T,42.335816345,-83.050731781,182.4,,,
T,42.335834347,-83.050688940,182.2,,,
T,42.335844789,-83.050659996,182.2,,,
T,42.335853187,-83.050631374,182.2,,,
T,42.335859132,-83.050608045,182.3,,,
T,42.335864113,-83.050584134,182.3,,,
T,42.335868930,-83.050563759,182.4,,,
T,42.335875440,-83.050541395,182.4,,,
T,42.335882789,-83.050515350,182.5,,,
T,42.335888348,-83.050493774,182.5,,,
T,42.335895550,-83.050472371,182.6,,,
T,42.335903898,-83.050452960,182.6,,,
T,42.335913777,-83.050435920,182.7,,,
T,42.335923681,-83.050422214,182.7,,,
T,42.335934124,-83.050409235,182.7,,,
T,42.335945812,-83.050396908,182.7,,,
T,42.335957949,-83.050386131,182.7,,,
T,42.335970475,-83.050379146,182.7,,,
T,42.335984928,-83.050371856,182.7,,,
T,42.335999325,-83.050365403,182.7,,,
T,42.336013721,-83.050359090,182.8,,,
T,42.336026028,-83.050355668,182.8,,,
T,42.336038452,-83.050353725,182.8,,,
T,42.336050486,-83.050351422,182.8,,,
T,42.336060863,-83.050349822,182.8,,,
T,42.336071717,-83.050349156,182.8,,,
T,42.336081367,-83.050348460,182.8,,,
T,42.336092640,-83.050347061,182.9,,,
T,42.336103389,-83.050346924,182.9,,,
T,42.336115838,-83.050345066,182.9,,,
T,42.336125877,-83.050344100,182.9,,,
T,42.336135773,-83.050343454,182.9,,,
T,42.336145377,-83.050343191,182.9,,,
T,42.336155134,-83.050343209,182.9,,,
T,42.336166372,-83.050343083,182.9,,,
T,42.336178858,-83.050343076,182.9,,,
T,42.336191448,-83.050343369,183.0,,,
T,42.336201640,-83.050344386,183.0,,,
T,42.336213248,-83.050345169,183.0,,,
T,42.336225432,-83.050346739,183.0,,,
T,42.336238883,-83.050349122,183.0,,,
T,42.336250262,-83.050351910,183.0,,,
T,42.336263447,-83.050355009,183.0,,,
T,42.336275022,-83.050357734,183.0,,,
T,42.336287165,-83.050360900,183.1,,,
T,42.336301077,-83.050365408,183.1,,,
T,42.336311750,-83.050369912,183.1,,,
T,42.336321575,-83.050374913,183.1,,,
T,42.336333215,-83.050381147,183.1,,,
T,42.336344101,-83.050387273,183.1,,,
T,42.336355807,-83.050394307,183.1,,,
T,42.336366156,-83.050401225,183.1,,,
T,42.336377225,-83.050407901,183.1,,,
T,42.336388200,-83.050415143,183.1,,,
T,42.336397901,-83.050421022,183.1,,,
T,42.336408719,-83.050427875,183.1,,,
T,42.336418385,-83.050433842,183.1,,,
T,42.336428239,-83.050439923,183.1,,,
T,42.336438793,-83.050447026,183.2,,,
T,42.336450746,-83.050454518,183.2,,,
T,42.336461759,-83.050461285,183.2,,,
T,42.336470329,-83.050466530,183.2,,,
T,42.336479684,-83.050471832,183.2,,,
T,42.336488631,-83.050477326,183.2,,,
T,42.336497334,-83.050482615,183.2,,,
T,42.336507362,-83.050488989,183.2,,,
T,42.336516170,-83.050494373,183.2,,,
T,42.336523449,-83.050498925,183.2,,,
T,42.336532434,-83.050503950,183.2,,,
T,42.336542098,-83.050509496,183.3,,,
T,42.336550666,-83.050514698,183.3,,,
T,42.336558694,-83.050519533,183.3,,,
T,42.336570228,-83.050526591,183.3,,,
T,42.336579166,-83.050532067,183.3,,,
T,42.336590268,-83.050538914,183.3,,,
T,42.336600126,-83.050544970,183.4,,,
T,42.336608833,-83.050550178,183.4,,,
T,42.336618644,-83.050556012,183.4,,,
T,42.336629181,-83.050561866,183.4,,,
T,42.336639206,-83.050567922,183.4,,,
T,42.336648998,-83.050573844,183.4,,,
T,42.336658634,-83.050579774,183.5,,,
T,42.336666870,-83.050584801,183.5,,,
T,42.336676441,-83.050590629,183.5,,,
T,42.336686270,-83.050596666,183.5,,,
T,42.336695839,-83.050602564,183.5,,,
T,42.336706641,-83.050609167,183.5,,,
T,42.336716900,-83.050615585,183.5,,,
T,42.336724778,-83.050620183,183.5,,,
T,42.336733858,-83.050625662,183.6,,,
T,42.336741735,-83.050630316,183.6,,,
T,42.336751000,-83.050636101,183.6,,,
T,42.336762090,-83.050642845,183.6,,,
T,42.336773966,-83.050650427,183.6,,,
T,42.336784400,-83.050657084,183.6,,,
T,42.336795362,-83.050663838,183.6,,,
T,42.336804754,-83.050669448,183.6,,,
T,42.336816004,-83.050675655,183.6,,,
T,42.336826549,-83.050682282,183.6,,,
T,42.336837488,-83.050689204,183.6,,,
T,42.336847039,-83.050694767,183.6,,,
T,42.336858100,-83.050701727,183.6,,,
T,42.336868878,-83.050708303,183.6,,,
T,42.336878662,-83.050714058,183.6,,,
T,42.336890477,-83.050721248,183.6,,,
T,42.336902864,-83.050728856,183.6,,,
T,42.336916150,-83.050736040,183.6,,,
T,42.336929166,-83.050743836,183.6,,,
T,42.336941762,-83.050751610,183.6,,,
T,42.336956536,-83.050760701,183.6,,,
T,42.336969877,-83.050768913,183.6,,,
T,42.336982827,-83.050776648,183.7,,,
T,42.336997574,-83.050785536,183.7,,,
T,42.337011171,-83.050793585,183.7,,,
T,42.337025538,-83.050801314,183.7,,,
T,42.337039171,-83.050810053,183.7,,,
T,42.337055204,-83.050820493,183.7,,,
T,42.337074149,-83.050832165,183.7,,,
T,42.337089792,-83.050842654,183.7,,,
T,42.337101724,-83.050850131,183.7,,,
T,42.337121208,-83.050862224,183.7,,,
T,42.337136534,-83.050871229,183.7,,,
T,42.337155377,-83.050882530,183.7,,,
T,42.337177667,-83.050896337,183.7,,,
T,42.337194014,-83.050907246,183.7,,,
T,42.337216696,-83.050921301,183.7,,,
T,42.337232918,-83.050932107,183.7,,,
T,42.337249246,-83.050942924,183.7,,,
T,42.337265337,-83.050955021,183.7,,,
T,42.337285293,-83.050968599,183.7,,,
T,42.337302302,-83.050980940,183.7,,,
T,42.337319242,-83.050993969,183.7,,,
T,42.337334719,-83.051005741,183.7,,,
T,42.337349462,-83.051017038,183.7,,,
T,42.337367740,-83.051031015,183.7,,,
T,42.337384097,-83.051044272,183.7,,,
T,42.337401202,-83.051058464,183.7,,,
T,42.337417428,-83.051070863,183.8,,,
T,42.337434588,-83.051084144,183.8,,,
T,42.337448728,-83.051094310,183.8,,,
T,42.337464042,-83.051106124,183.8,,,
T,42.337480348,-83.051118149,183.8,,,
T,42.337496990,-83.051130994,183.8,,,
T,42.337513345,-83.051142929,183.9,,,
T,42.337529685,-83.051154705,183.9,,,
T,42.337547278,-83.051166962,183.9,,,
T,42.337561101,-83.051176297,183.9,,,
T,42.337577768,-83.051189279,183.9,,,
T,42.337594160,-83.051201791,183.9,,,
T,42.337612954,-83.051216204,183.9,,,
T,42.337631246,-83.051229265,183.9,,,
T,42.337649926,-83.051241927,183.9,,,
T,42.337666318,-83.051252884,183.9,,,
T,42.337682664,-83.051264883,183.9,,,
T,42.337698144,-83.051276229,183.9,,,
T,42.337716395,-83.051289788,183.8,,,
T,42.337732607,-83.051301892,183.8,,,
T,42.337745988,-83.051311823,183.8,,,
T,42.337760561,-83.051322109,183.8,,,
T,42.337778769,-83.051335479,183.8,,,
T,42.337794006,-83.051346388,183.8,,,
T,42.337809822,-83.051357663,183.7,,,
T,42.337830335,-83.051371990,183.7,,,
T,42.337850487,-83.051386563,183.7,,,
T,42.337875303,-83.051404034,183.7,,,
T,42.337892856,-83.051416488,183.7,,,
T,42.337910742,-83.051429549,183.7,,,
T,42.337927547,-83.051441312,183.7,,,
T,42.337946666,-83.051455104,183.6,,,
T,42.337965883,-83.051468855,183.6,,,
T,42.337983226,-83.051481325,183.6,,,
T,42.338002260,-83.051495238,183.6,,,
T,42.338020679,-83.051507219,183.6,,,
T,42.338040866,-83.051521747,183.5,,,
T,42.338057764,-83.051533872,183.5,,,
T,42.338075853,-83.051547034,183.5,,,
T,42.338093307,-83.051559216,183.5,,,
T,42.338116249,-83.051574940,183.5,,,
T,42.338138269,-83.051590677,183.4,,,
T,42.338162705,-83.051606647,183.4,,,
T,42.338184027,-83.051621593,183.4,,,
T,42.338206924,-83.051637319,183.4,,,
T,42.338226621,-83.051651429,183.4,,,
T,42.338242989,-83.051663918,183.4,,,
T,42.338259190,-83.051675483,183.4,,,
T,42.338275396,-83.051686995,183.4,,,
T,42.338290748,-83.051696684,183.5,,,
T,42.338307990,-83.051709312,183.5,,,
T,42.338324590,-83.051720350,183.5,,,
T,42.338338213,-83.051729854,183.5,,,
T,42.338353592,-83.051740688,183.5,,,
T,42.338370046,-83.051752334,183.5,,,
T,42.338383956,-83.051762214,183.5,,,
T,42.338398106,-83.051772110,183.5,,,
T,42.338413394,-83.051783365,183.6,,,
T,42.338427140,-83.051792860,183.6,,,
T,42.338443333,-83.051804213,183.6,,,
T,42.338456651,-83.051813280,183.6,,,
T,42.338470724,-83.051823110,183.6,,,
T,42.338484911,-83.051833088,183.6,,,
T,42.338500762,-83.051844171,183.6,,,
T,42.338516296,-83.051855045,183.6,,,
T,42.338529417,-83.051864067,183.7,,,
T,42.338541961,-83.051872455,183.7,,,
T,42.338556773,-83.051882096,183.7,,,
T,42.338569926,-83.051892082,183.7,,,
T,42.338582711,-83.051902243,183.7,,,
T,42.338591155,-83.051909008,183.7,,,
T,42.338600266,-83.051916991,183.7,,,
T,42.338611080,-83.051925481,183.8,,,
T,42.338620953,-83.051933331,183.8,,,
T,42.338630485,-83.051940245,183.8,,,
T,42.338641596,-83.051947847,183.8,,,
T,42.338653548,-83.051956719,183.8,,,
T,42.338662623,-83.051963335,183.8,,,
T,42.338671851,-83.051969662,183.8,,,
T,42.338683591,-83.051977693,183.8,,,
T,42.338694080,-83.051985639,183.8,,,
T,42.338706389,-83.051995215,183.9,,,
T,42.338717723,-83.052002956,183.9,,,
T,42.338729366,-83.052010939,183.9,,,
T,42.338740705,-83.052018723,183.9,,,
T,42.338751408,-83.052026083,183.9,,,
T,42.338761213,-83.052033214,183.9,,,
T,42.338772156,-83.052040777,183.9,,,
T,42.338785213,-83.052050119,183.9,,,
T,42.338796978,-83.052058226,183.9,,,
T,42.338810288,-83.052065418,183.9,,,
T,42.338822763,-83.052069702,183.9,,,
T,42.338833443,-83.052071498,183.9,,,
T,42.338843812,-83.052072105,183.9,,,
T,42.338852763,-83.052072456,183.9,,,
T,42.338862810,-83.052071261,183.9,,,
T,42.338872166,-83.052069314,184.0,,,
T,42.338883208,-83.052065573,184.0,,,
T,42.338894595,-83.052061308,184.0,,,
T,42.338905343,-83.052056233,184.0,,,
T,42.338916572,-83.052050163,184.0,,,
T,42.338930083,-83.052042752,184.0,,,
T,42.338944719,-83.052032187,184.0,,,
T,42.338958094,-83.052021141,184.0,,,
T,42.338969417,-83.052010218,184.0,,,
T,42.338982130,-83.051996905,184.1,,,
T,42.338993832,-83.051982942,184.1,,,
T,42.339005130,-83.051968489,184.1,,,
T,42.339016299,-83.051952215,184.1,,,
T,42.339028258,-83.051934672,184.2,,,
T,42.339037105,-83.051920816,184.2,,,
T,42.339046881,-83.051905693,184.2,,,
T,42.339059768,-83.051884944,184.3,,,
T,42.339070786,-83.051866029,184.3,,,
T,42.339082998,-83.051845050,184.3,,,
T,42.339094112,-83.051824597,184.4,,,
T,42.339104195,-83.051806533,184.4,,,
T,42.339113199,-83.051785640,184.4,,,
T,42.339120943,-83.051768641,184.4,,,
T,42.339128893,-83.051750822,184.4,,,
T,42.339135926,-83.051734968,184.4,,,
T,42.339142855,-83.051718656,184.4,,,
T,42.339148625,-83.051705117,184.5,,,
T,42.339154542,-83.051691845,184.5,,,
T,42.339160836,-83.051677043,184.5,,,
T,42.339166024,-83.051664360,184.5,,,
T,42.339172025,-83.051649789,184.5,,,
T,42.339178074,-83.051636212,184.5,,,
T,42.339182564,-83.051625838,184.5,,,
T,42.339187658,-83.051613411,184.5,,,
T,42.339192429,-83.051601761,184.5,,,
T,42.339196549,-83.051591692,184.5,,,
T,42.339201660,-83.051579199,184.5,,,
T,42.339207818,-83.051564180,184.5,,,
T,42.339213547,-83.051550185,184.5,,,
T,42.339218611,-83.051537810,184.5,,,
T,42.339225878,-83.051520069,184.5,,,
T,42.339232016,-83.051505096,184.5,,,
T,42.339235725,-83.051496047,184.5,,,
T,42.339241367,-83.051482282,184.5,,,
T,42.339245072,-83.051473228,184.5,,,
T,42.339251156,-83.051458385,184.5,,,
T,42.339255627,-83.051448098,184.5,,,
T,42.339260373,-83.051437149,184.5,,,
T,42.339265038,-83.051426385,184.5,,,
T,42.339269269,-83.051416062,184.5,,,
T,42.339273637,-83.051405408,184.5,,,
T,42.339279173,-83.051391900,184.5,,,
T,42.339284355,-83.051379257,184.5,,,
T,42.339288951,-83.051368045,184.5,,,
T,42.339294441,-83.051354650,184.5,,,
T,42.339299094,-83.051343299,184.5,,,
T,42.339302867,-83.051334093,184.5,,,
T,42.339306665,-83.051324752,184.5,,,
T,42.339312033,-83.051312037,184.5,,,
T,42.339318353,-83.051296228,184.5,,,
T,42.339323323,-83.051283819,184.5,,,
T,42.339329657,-83.051268103,184.6,,,
T,42.339335315,-83.051254085,184.6,,,
T,42.339342671,-83.051235837,184.6,,,
T,42.339348532,-83.051221381,184.6,,,
T,42.339353901,-83.051207943,184.6,,,
T,42.339358784,-83.051195692,184.6,,,
T,42.339364171,-83.051183396,184.6,,,
T,42.339369669,-83.051169756,184.6,,,
T,42.339374909,-83.051157876,184.6,,,
T,42.339379323,-83.051146609,184.6,,,
T,42.339384511,-83.051133881,184.6,,,
T,42.339389587,-83.051121683,184.6,,,
T,42.339395389,-83.051107833,184.6,,,
T,42.339400126,-83.051095887,184.6,,,
T,42.339405847,-83.051082940,184.6,,,
T,42.339411146,-83.051069672,184.6,,,
T,42.339417387,-83.051054797,184.6,,,
T,42.339422071,-83.051043776,184.6,,,
T,42.339427917,-83.051031255,184.6,,,
T,42.339432719,-83.051019195,184.6,,,
T,42.339437762,-83.051006487,184.6,,,
T,42.339442683,-83.050994885,184.6,,,
T,42.339447989,-83.050981600,184.6,,,
T,42.339452678,-83.050969902,184.6,,,
T,42.339458829,-83.050955148,184.6,,,
T,42.339463629,-83.050943997,184.6,,,
T,42.339469095,-83.050930401,184.6,,,
T,42.339475523,-83.050915012,184.6,,,
T,42.339480570,-83.050903121,184.6,,,
T,42.339486397,-83.050888682,184.6,,,
T,42.339493404,-83.050871911,184.6,,,
T,42.339498677,-83.050858734,184.6,,,
T,42.339504753,-83.050845145,184.6,,,
T,42.339510175,-83.050832366,184.6,,,
T,42.339515129,-83.050819948,184.6,,,
T,42.339519076,-83.050810529,184.6,,,
T,42.339523657,-83.050800378,184.6,,,
T,42.339527668,-83.050790424,184.6,,,
T,42.339531680,-83.050780490,184.6,,,
T,42.339536201,-83.050769255,184.6,,,
T,42.339541942,-83.050754994,184.6,,,
T,42.339545930,-83.050746956,184.6,,,
T,42.339549796,-83.050737330,184.6,,,
T,42.339554252,-83.050726827,184.6,,,
T,42.339558180,-83.050717833,184.6,,,
T,42.339562602,-83.050707989,184.6,,,
T,42.339568378,-83.050694482,184.6,,,
T,42.339573108,-83.050683427,184.6,,,
T,42.339578486,-83.050671957,184.6,,,
T,42.339583109,-83.050661650,184.6,,,
T,42.339587758,-83.050651275,184.7,,,
T,42.339593224,-83.050638504,184.7,,,
T,42.339598493,-83.050626146,184.7,,,
T,42.339602966,-83.050615621,184.7,,,
T,42.339608490,-83.050603250,184.7,,,
T,42.339613766,-83.050590921,184.8,,,
T,42.339618205,-83.050580533,184.8,,,
T,42.339622994,-83.050569338,184.8,,,
T,42.339627731,-83.050558251,184.8,,,
T,42.339633405,-83.050545005,184.8,,,
T,42.339638205,-83.050534904,184.8,,,
T,42.339643959,-83.050521896,184.8,,,
T,42.339649884,-83.050507995,184.9,,,
T,42.339655377,-83.050495081,184.9,,,
T,42.339661344,-83.050481678,184.9,,,
T,42.339666966,-83.050468534,184.9,,,
T,42.339673261,-83.050453950,184.9,,,
T,42.339678101,-83.050442554,184.9,,,
T,42.339684145,-83.050429048,184.9,,,
T,42.339690583,-83.050413997,184.9,,,
T,42.339696007,-83.050401933,184.9,,,
T,42.339700465,-83.050391511,184.9,,,
T,42.339705953,-83.050378682,184.9,,,
T,42.339710356,-83.050368391,184.9,,,
T,42.339715807,-83.050356245,184.9,,,
T,42.339720580,-83.050345078,184.9,,,
T,42.339725259,-83.050334146,184.9,,,
T,42.339731044,-83.050321198,184.9,,,
T,42.339737001,-83.050307894,184.9,,,
T,42.339743600,-83.050293095,184.9,,,
T,42.339751419,-83.050278093,184.9,,,
T,42.339757273,-83.050264395,184.9,,,
T,42.339763090,-83.050251440,184.9,,,
T,42.339769192,-83.050237830,184.9,,,
T,42.339774575,-83.050225213,184.9,,,
T,42.339778990,-83.050214749,184.9,,,
T,42.339784188,-83.050203159,184.9,,,
T,42.339790633,-83.050188688,184.9,,,
T,42.339795074,-83.050178292,184.9,,,
T,42.339801538,-83.050163761,184.9,,,
T,42.339806314,-83.050152585,184.9,,,
T,42.339811127,-83.050141324,184.9,,,
T,42.339817205,-83.050128345,185.0,,,
T,42.339822988,-83.050114828,185.0,,,
T,42.339828381,-83.050102219,185.0,,,
T,42.339835181,-83.050086325,185.0,,,
T,42.339840052,-83.050074938,185.0,,,
T,42.339847099,-83.050058462,185.0,,,
T,42.339852659,-83.050046718,185.1,,,
T,42.339858743,-83.050032503,185.1,,,
T,42.339865289,-83.050018506,185.1,,,
T,42.339871527,-83.050003945,185.1,,,
T,42.339878687,-83.049987204,185.1,,,
T,42.339886210,-83.049969614,185.1,,,
T,42.339892508,-83.049955587,185.2,,,
T,42.339899396,-83.049939478,185.2,,,
T,42.339904958,-83.049926503,185.2,,,
T,42.339910054,-83.049914611,185.2,,,
T,42.339916309,-83.049900004,185.2,,,
T,42.339923014,-83.049884343,185.2,,,
T,42.339930211,-83.049868210,185.2,,,
T,42.339936591,-83.049853294,185.2,,,
T,42.339942764,-83.049838865,185.2,,,
T,42.339949629,-83.049823530,185.1,,,
T,42.339955673,-83.049809427,185.1,,,
T,42.339964998,-83.049787647,185.0,,,
T,42.339971001,-83.049773636,185.0,,,
T,42.339979431,-83.049754738,184.9,,,
T,42.339987295,-83.049737125,184.9,,,
T,42.339993606,-83.049722401,184.9,,,
T,42.340002137,-83.049702473,184.9,,,
T,42.340010785,-83.049682257,184.8,,,
T,42.340017924,-83.049666367,184.8,,,
T,42.340025321,-83.049647582,184.8,,,
T,42.340033460,-83.049628516,184.8,,,
T,42.340039999,-83.049613025,184.8,,,
T,42.340046264,-83.049598255,184.8,,,
T,42.340053914,-83.049580316,184.8,,,
T,42.340059849,-83.049566384,184.8,,,
T,42.340066141,-83.049551607,184.8,,,
T,42.340073658,-83.049533180,184.8,,,
T,42.340080875,-83.049516129,184.8,,,
T,42.340089365,-83.049496212,184.9,,,
T,42.340096038,-83.049480480,184.9,,,
T,42.340104405,-83.049462140,185.0,,,
T,42.340111518,-83.049445242,185.0,,,
T,42.340119908,-83.049425634,185.1,,,
T,42.340128110,-83.049407041,185.2,,,
T,42.340138863,-83.049381833,185.3,,,
T,42.340146725,-83.049363976,185.3,,,
T,42.340154085,-83.049347342,185.3,,,
T,42.340163174,-83.049326813,185.3,,,
T,42.340170423,-83.049309794,185.3,,,
T,42.340179665,-83.049288192,185.4,,,
T,42.340186942,-83.049271087,185.4,,,
T,42.340192967,-83.049256148,185.4,,,
T,42.340201559,-83.049235867,185.4,,,
T,42.340210624,-83.049214450,185.4,,,
T,42.340222002,-83.049188410,185.4,,,
T,42.340234653,-83.049158746,185.5,,,
T,42.340245655,-83.049132831,185.5,,,
T,42.340255882,-83.049107732,185.5,,,
T,42.340266102,-83.049083644,185.5,,,
T,42.340277121,-83.049057850,185.5,,,
T,42.340286743,-83.049035251,185.6,,,
T,42.340301983,-83.048999357,185.5,,,
T,42.340315505,-83.048966605,185.5,,,
T,42.340326282,-83.048941085,185.5,,,
T,42.340336225,-83.048916502,185.5,,,
T,42.340342946,-83.048899258,185.5,,,
T,42.340350140,-83.048881758,185.5,,,
T,42.340356989,-83.048865427,185.5,,,
T,42.340363972,-83.048848721,185.5,,,
T,42.340369320,-83.048834842,185.5,,,
T,42.340376821,-83.048816666,185.5,,,
T,42.340383008,-83.048801366,185.5,,,
T,42.340390756,-83.048782982,185.5,,,
T,42.340397852,-83.048766196,185.5,,,
T,42.340405528,-83.048748278,185.5,,,
T,42.340412877,-83.048730914,185.5,,,
T,42.340420756,-83.048712432,185.5,,,
T,42.340431334,-83.048690420,185.6,,,
T,42.340440498,-83.048674862,185.6,,,
T,42.340450459,-83.048657862,185.6,,,
T,42.340460800,-83.048640397,185.7,,,
T,42.340470340,-83.048625408,185.7,,,
T,42.340480565,-83.048606159,185.7,,,
T,42.340489793,-83.048589791,185.8,,,
T,42.340499152,-83.048572277,185.8,,,
T,42.340507743,-83.048555705,185.8,,,
T,42.340516281,-83.048539444,185.8,,,
T,42.340524710,-83.048522658,185.8,,,
T,42.340534317,-83.048502496,185.9,,,
T,42.340543208,-83.048483292,185.9,,,
T,42.340550330,-83.048467340,185.9,,,
T,42.340556905,-83.048452136,185.9,,,
T,42.340564618,-83.048434128,185.9,,,
T,42.340572571,-83.048415792,185.9,,,
T,42.340580310,-83.048397949,185.9,,,
T,42.340587700,-83.048380776,185.9,,,
T,42.340596733,-83.048359659,185.9,,,
T,42.340604196,-83.048342960,185.9,,,
T,42.340611667,-83.048325552,185.9,,,
T,42.340620486,-83.048304977,185.9,,,
T,42.340627908,-83.048287625,185.9,,,
T,42.340634934,-83.048271202,185.9,,,
T,42.340641023,-83.048256944,185.9,,,
T,42.340648296,-83.048240564,185.9,,,
T,42.340655776,-83.048223922,185.9,,,
T,42.340662256,-83.048208614,185.9,,,
T,42.340669082,-83.048192518,185.9,,,
T,42.340675275,-83.048178770,185.9,,,
T,42.340680898,-83.048164174,185.9,,,
T,42.340685472,-83.048149673,185.9,,,
T,42.340689480,-83.048135645,185.9,,,
T,42.340692948,-83.048120258,185.9,,,
T,42.340694324,-83.048107799,185.9,,,
T,42.340695201,-83.048095995,185.9,,,
T,42.340695124,-83.048084782,185.9,,,
T,42.340694690,-83.048074011,185.9,,,
T,42.340693949,-83.048062200,185.9,,,
T,42.340692758,-83.048050663,185.9,,,
T,42.340691445,-83.048038825,185.9,,,
T,42.340689900,-83.048026732,185.9,,,
T,42.340687666,-83.048014453,185.9,,,
T,42.340685728,-83.048005121,185.9,,,
T,42.340682472,-83.047992251,185.9,,,
T,42.340678456,-83.047979541,185.9,,,
T,42.340674488,-83.047968620,185.9,,,
T,42.340670189,-83.047957551,185.9,,,
T,42.340664685,-83.047947085,185.9,,,
T,42.340659454,-83.047939425,185.9,,,
T,42.340653578,-83.047932463,185.9,,,
T,42.340647023,-83.047924859,185.8,,,
T,42.340640407,-83.047917017,185.8,,,
T,42.340633789,-83.047909869,185.8,,,
T,42.340627064,-83.047903285,185.8,,,
T,42.340619131,-83.047895908,185.8,,,
T,42.340612591,-83.047889965,185.8,,,
T,42.340606419,-83.047885229,185.8,,,
T,42.340600601,-83.047880858,185.8,,,
T,42.340594733,-83.047876797,185.8,,,
T,42.340589295,-83.047873452,185.8,,,
T,42.340583522,-83.047869952,185.8,,,
T,42.340578204,-83.047866504,185.8,,,
T,42.340572098,-83.047862714,185.8,,,
T,42.340566455,-83.047858874,185.8,,,
T,42.340560128,-83.047855343,185.7,,,
T,42.340552400,-83.047850995,185.7,,,
T,42.340546149,-83.047847019,185.7,,,
T,42.340539274,-83.047843053,185.7,,,
T,42.340532658,-83.047839610,185.7,,,
T,42.340525968,-83.047835454,185.7,,,
T,42.340519260,-83.047831728,185.7,,,
T,42.340513047,-83.047827690,185.7,,,
T,42.340505160,-83.047824061,185.7,,,
T,42.340497894,-83.047819854,185.6,,,
T,42.340491827,-83.047816030,185.6,,,
T,42.340485398,-83.047811834,185.6,,,
T,42.340478447,-83.047807379,185.6,,,
T,42.340471397,-83.047802860,185.6,,,
T,42.340464531,-83.047798179,185.6,,,
T,42.340457257,-83.047793273,185.6,,,
T,42.340449658,-83.047788135,185.6,,,
T,42.340443732,-83.047784252,185.5,,,
T,42.340436023,-83.047779216,185.5,,,
T,42.340427072,-83.047773466,185.5,,,
T,42.340417994,-83.047767611,185.5,,,
T,42.340410131,-83.047762490,185.5,,,
T,42.340403650,-83.047758294,185.5,,,
T,42.340396297,-83.047753513,185.5,,,
T,42.340388701,-83.047748343,185.4,,,
T,42.340381138,-83.047743201,185.4,,,
T,42.340374261,-83.047738510,185.4,,,
T,42.340366740,-83.047733648,185.4,,,
T,42.340359753,-83.047728577,185.4,,,
T,42.340351150,-83.047722711,185.4,,,
T,42.340342764,-83.047717322,185.3,,,
T,42.340335040,-83.047712287,185.3,,,
T,42.340325843,-83.047706344,185.3,,,
T,42.340317012,-83.047700637,185.3,,,
T,42.340308475,-83.047695156,185.3,,,
T,42.340302224,-83.047691121,185.3,,,
T,42.340294544,-83.047686183,185.2,,,
T,42.340287820,-83.047681086,185.2,,,
T,42.340281109,-83.047676742,185.2,,,
T,42.340272989,-83.047671507,185.2,,,
T,42.340264732,-83.047665923,185.2,,,
T,42.340255217,-83.047659801,185.1,,,
T,42.340248167,-83.047655245,185.1,,,
T,42.340240615,-83.047650130,185.1,,,
T,42.340234698,-83.047646304,185.1,,,
T,42.340227719,-83.047641828,185.1,,,
T,42.340221314,-83.047637711,185.0,,,
T,42.340211485,-83.047631147,185.0,,,
T,42.340202286,-83.047625234,185.0,,,
T,42.340196256,-83.047621356,185.0,,,
T,42.340189794,-83.047616945,185.0,,,
T,42.340180455,-83.047610712,185.0,,,
T,42.340172757,-83.047605580,185.0,,,
T,42.340165177,-83.047600606,185.0,,,
T,42.340157841,-83.047595804,184.9,,,
T,42.340151986,-83.047591894,184.9,,,
T,42.340143406,-83.047585776,184.9,,,
T,42.340135437,-83.047580625,184.9,,,
T,42.340127092,-83.047575258,184.9,,,
T,42.340118409,-83.047569760,184.9,,,
T,42.340107695,-83.047562703,184.9,,,
T,42.340097569,-83.047555955,184.9,,,
T,42.340087086,-83.047549015,184.9,,,
T,42.340074810,-83.047540681,184.8,,,
T,42.340061055,-83.047531181,184.8,,,
T,42.340049308,-83.047523392,184.8,,,
T,42.340037647,-83.047515508,184.8,,,
T,42.340024392,-83.047506650,184.7,,,
T,42.340010370,-83.047497584,184.7,,,
T,42.339996075,-83.047488232,184.7,,,
T,42.339983134,-83.047479128,184.7,,,
T,42.339969074,-83.047469758,184.6,,,
T,42.339959707,-83.047463732,184.6,,,
T,42.339950295,-83.047457635,184.6,,,
T,42.339940172,-83.047451062,184.5,,,
T,42.339930966,-83.047444808,184.5,,,
T,42.339920667,-83.047438091,184.5,,,
T,42.339911033,-83.047431500,184.4,,,
T,42.339900295,-83.047424586,184.4,,,
T,42.339890490,-83.047418221,184.4,,,
T,42.339880720,-83.047411951,184.3,,,
T,42.339869667,-83.047404820,184.3,,,
T,42.339859809,-83.047398347,184.3,,,
T,42.339849569,-83.047391664,184.2,,,
T,42.339838494,-83.047384108,184.2,,,
T,42.339828484,-83.047377586,184.2,,,
T,42.339817221,-83.047370363,184.1,,,
T,42.339806607,-83.047363437,184.1,,,
T,42.339796115,-83.047356673,184.1,,,
T,42.339783863,-83.047348809,184.1,,,
T,42.339771959,-83.047341053,184.0,,,
T,42.339760182,-83.047333477,184.0,,,
T,42.339749436,-83.047326556,184.0,,,
T,42.339738439,-83.047319460,183.9,,,
T,42.339727364,-83.047311648,183.9,,,
T,42.339716918,-83.047304765,183.9,,,
T,42.339706699,-83.047298171,183.9,,,
T,42.339693059,-83.047288963,183.8,,,
T,42.339683699,-83.047282539,183.8,,,
T,42.339675232,-83.047275852,183.8,,,
T,42.339665398,-83.047268992,183.8,,,
T,42.339655886,-83.047262591,183.7,,,
T,42.339645563,-83.047255695,183.7,,,
T,42.339636859,-83.047249281,183.7,,,
T,42.339626137,-83.047240912,183.7,,,
T,42.339613059,-83.047231668,183.6,,,
T,42.339601389,-83.047223162,183.6,,,
T,42.339589502,-83.047214487,183.6,,,
T,42.339579747,-83.047207330,183.5,,,
T,42.339568538,-83.047199089,183.5,,,
T,42.339557247,-83.047191533,183.5,,,
T,42.339547274,-83.047184269,183.5,,,
T,42.339536160,-83.047176842,183.4,,,
T,42.339528256,-83.047171582,183.4,,,
T,42.339516863,-83.047163215,183.4,,,
T,42.339506166,-83.047155802,183.4,,,
T,42.339493007,-83.047146695,183.4,,,
T,42.339482488,-83.047139441,183.3,,,
T,42.339472022,-83.047132198,183.3,,,
T,42.339461218,-83.047124722,183.3,,,
T,42.339451622,-83.047118092,183.3,,,
T,42.339439491,-83.047109698,183.3,,,
T,42.339429794,-83.047102995,183.2,,,
T,42.339417777,-83.047094679,183.2,,,
T,42.339405264,-83.047086020,183.2,,,
T,42.339395833,-83.047079501,183.2,,,
T,42.339382742,-83.047070443,183.2,,,
T,42.339373763,-83.047064241,183.2,,,
T,42.339362597,-83.047056911,183.2,,,
T,42.339351502,-83.047049253,183.2,,,
T,42.339339985,-83.047041690,183.2,,,
T,42.339329771,-83.047034628,183.2,,,
T,42.339319278,-83.047027328,183.2,,,
T,42.339306316,-83.047018347,183.1,,,
T,42.339295118,-83.047010589,183.2,,,
T,42.339285968,-83.047004280,183.2,,,
T,42.339273683,-83.046995777,183.2,,,
T,42.339260804,-83.046986871,183.2,,,
T,42.339250491,-83.046979742,183.2,,,
T,42.339239888,-83.046972407,183.2,,,
T,42.339228624,-83.046964585,183.2,,,
T,42.339217567,-83.046956934,183.2,,,
T,42.339205760,-83.046949158,183.2,,,
T,42.339195798,-83.046942269,183.2,,,
T,42.339180037,-83.046931360,183.2,,,
T,42.339167855,-83.046922926,183.2,,,
T,42.339157168,-83.046915535,183.2,,,
T,42.339144724,-83.046907279,183.2,,,
T,42.339131954,-83.046898430,183.2,,,
T,42.339121167,-83.046891101,183.2,,,
T,42.339111174,-83.046884183,183.2,,,
T,42.339100194,-83.046876611,183.2,,,
T,42.339090990,-83.046870265,183.2,,,
T,42.339081437,-83.046863656,183.2,,,
T,42.339071457,-83.046856780,183.1,,,
T,42.339058388,-83.046847735,183.1,,,
T,42.339046334,-83.046839834,183.1,,,
T,42.339036005,-83.046832724,183.1,,,
T,42.339023547,-83.046824119,183.0,,,
T,42.339012090,-83.046816190,183.0,,,
T,42.339001691,-83.046809009,183.0,,,
T,42.338991374,-83.046801890,183.0,,,
T,42.338980254,-83.046794195,183.0,,,
T,42.338968297,-83.046785925,183.0,,,
T,42.338957185,-83.046778263,183.1,,,
T,42.338944171,-83.046769265,183.1,,,
T,42.338931337,-83.046760386,183.1,,,
T,42.338917841,-83.046751045,183.1,,,
T,42.338907544,-83.046743945,183.1,,,
T,42.338896813,-83.046736527,183.1,,,
T,42.338885522,-83.046728714,183.1,,,
T,42.338873246,-83.046720217,183.1,,,
T,42.338861090,-83.046712258,183.1,,,
T,42.338849265,-83.046705065,183.1,,,
T,42.338837538,-83.046697442,183.1,,,
T,42.338826025,-83.046689497,183.1,,,
T,42.338815127,-83.046682010,183.1,,,
T,42.338803511,-83.046673979,183.1,,,
T,42.338790183,-83.046665308,183.1,,,
T,42.338775810,-83.046655383,183.1,,,
T,42.338760144,-83.046644570,183.1,,,
T,42.338747364,-83.046635775,183.1,,,
T,42.338733403,-83.046626666,183.1,,,
T,42.338719602,-83.046617651,183.1,,,
T,42.338705070,-83.046608143,183.1,,,
T,42.338688017,-83.046596384,183.1,,,
T,42.338671683,-83.046586231,183.1,,,
T,42.338654754,-83.046574618,183.1,,,
T,42.338638652,-83.046564136,183.1,,,
T,42.338620868,-83.046552473,183.1,,,
T,42.338603822,-83.046540843,183.1,,,
T,42.338587509,-83.046529661,183.1,,,
T,42.338573719,-83.046520118,183.1,,,
T,42.338556791,-83.046509030,183.1,,,
T,42.338541754,-83.046499388,183.1,,,
T,42.338525041,-83.046488009,183.1,,,
T,42.338509515,-83.046477381,183.1,,,
T,42.338490903,-83.046465272,183.1,,,
T,42.338472725,-83.046452939,183.1,,,
T,42.338455766,-83.046441965,183.1,,,
T,42.338441666,-83.046433528,183.1,,,
T,42.338427526,-83.046424319,183.1,,,
T,42.338413890,-83.046415429,183.1,,,
T,42.338400209,-83.046406548,183.1,,,
T,42.338386828,-83.046397451,183.1,,,
T,42.338374844,-83.046389356,183.0,,,
T,42.338360816,-83.046380110,183.0,,,
T,42.338346624,-83.046370909,183.0,,,
T,42.338333747,-83.046362030,183.0,,,
T,42.338321251,-83.046353756,183.0,,,
T,42.338309267,-83.046345776,183.0,,,
T,42.338296386,-83.046336934,183.0,,,
T,42.338285001,-83.046330086,183.0,,,
T,42.338272875,-83.046322508,182.9,,,
T,42.338260452,-83.046314543,182.9,,,
T,42.338245363,-83.046304185,182.9,,,
T,42.338231019,-83.046294748,182.9,,,
T,42.338216733,-83.046285345,182.9,,,
T,42.338203423,-83.046276661,182.8,,,
T,42.338188551,-83.046266368,182.8,,,
T,42.338173935,-83.046256752,182.8,,,
T,42.338160006,-83.046247389,182.8,,,
T,42.338147539,-83.046239559,182.9,,,
T,42.338133905,-83.046230843,182.9,,,
T,42.338121414,-83.046222866,182.9,,,
T,42.338108197,-83.046213724,182.9,,,
T,42.338095262,-83.046204894,182.9,,,
T,42.338080705,-83.046195524,182.9,,,
T,42.338067992,-83.046186827,183.0,,,
T,42.338056361,-83.046178887,183.0,,,
T,42.338043826,-83.046170955,183.0,,,
T,42.338029735,-83.046161355,183.0,,,
T,42.338017491,-83.046152951,183.0,,,
T,42.338005178,-83.046144420,183.0,,,
T,42.337992863,-83.046136536,183.0,,,
T,42.337978525,-83.046126621,183.0,,,
T,42.337966430,-83.046119026,183.0,,,
T,42.337953254,-83.046109986,183.0,,,
T,42.337940431,-83.046101219,183.0,,,
T,42.337927135,-83.046092100,183.0,,,
T,42.337912876,-83.046082722,183.0,,,
T,42.337898840,-83.046073384,183.0,,,
T,42.337888256,-83.046066016,183.0,,,
T,42.337872775,-83.046055306,183.1,,,
T,42.337862744,-83.046048316,183.1,,,
T,42.337851697,-83.046040631,183.1,,,
T,42.337841332,-83.046033424,183.1,,,
T,42.337828100,-83.046024268,183.1,,,
T,42.337811790,-83.046013011,183.1,,,
T,42.337800469,-83.046005112,183.1,,,
T,42.337788404,-83.045996750,183.1,,,
T,42.337774976,-83.045987451,183.1,,,
T,42.337763264,-83.045979342,183.1,,,
T,42.337751708,-83.045971785,183.1,,,
T,42.337740332,-83.045964356,183.1,,,
T,42.337729510,-83.045956828,183.1,,,
T,42.337717528,-83.045948973,183.2,,,
T,42.337703543,-83.045939821,183.2,,,
T,42.337691560,-83.045931520,183.2,,,
T,42.337677996,-83.045922111,183.2,,,
T,42.337663937,-83.045912371,183.2,,,
T,42.337653652,-83.045905204,183.2,,,
T,42.337641302,-83.045897092,183.2,,,
T,42.337628880,-83.045888947,183.2,,,
T,42.337618224,-83.045881540,183.2,,,
T,42.337605988,-83.045873080,183.2,,,
T,42.337593800,-83.045865078,183.2,,,
T,42.337582651,-83.045857330,183.2,,,
T,42.337572080,-83.045850005,183.2,,,
T,42.337557756,-83.045840081,183.2,,,
T,42.337544064,-83.045830569,183.1,,,
T,42.337530737,-83.045821348,183.1,,,
T,42.337516162,-83.045811249,183.1,,,
T,42.337502922,-83.045802540,183.1,,,
T,42.337489605,-83.045793309,183.1,,,
T,42.337474336,-83.045782739,183.1,,,
T,42.337462312,-83.045774413,183.1,,,
T,42.337448159,-83.045764620,183.1,,,
T,42.337430618,-83.045752483,183.1,,,
T,42.337415773,-83.045742198,183.1,,,
T,42.337400539,-83.045731655,183.0,,,
T,42.337388844,-83.045724079,183.0,,,
T,42.337375238,-83.045714650,183.0,,,
T,42.337359887,-83.045704536,183.0,,,
T,42.337345219,-83.045694371,183.0,,,
T,42.337329741,-83.045683630,183.0,,,
T,42.337312689,-83.045671812,183.0,,,
T,42.337297843,-83.045661514,183.1,,,
T,42.337283149,-83.045652430,183.1,,,
T,42.337267256,-83.045641975,183.1,,,
T,42.337252715,-83.045632031,183.1,,,
T,42.337240161,-83.045623339,183.1,,,
T,42.337225694,-83.045613810,183.1,,,
T,42.337209166,-83.045602373,183.1,,,
T,42.337194679,-83.045592347,183.1,,,
T,42.337181933,-83.045584019,183.1,,,
T,42.337169576,-83.045574976,183.1,,,
T,42.337156063,-83.045566117,183.1,,,
T,42.337140572,-83.045555889,183.1,,,
T,42.337127650,-83.045546950,183.1,,,
T,42.337114654,-83.045537958,183.1,,,
T,42.337100156,-83.045527925,183.1,,,
T,42.337086107,-83.045518205,183.1,,,
T,42.337070899,-83.045507680,183.1,,,
T,42.337059019,-83.045499463,183.1,,,
T,42.337047670,-83.045491612,183.1,,,
T,42.337033471,-83.045481791,183.1,,,
T,42.337019899,-83.045472405,183.2,,,
T,42.337005899,-83.045462717,183.2,,,
T,42.336988446,-83.045450640,183.2,,,
T,42.336973564,-83.045440341,183.2,,,
T,42.336961344,-83.045431886,183.2,,,
T,42.336946170,-83.045421384,183.2,,,
T,42.336934042,-83.045413501,183.2,,,
T,42.336921440,-83.045404788,183.2,,,
T,42.336909515,-83.045396539,183.2,,,
T,42.336897662,-83.045388872,183.2,,,
T,42.336884615,-83.045379839,183.2,,,
T,42.336870124,-83.045370356,183.3,,,
T,42.336856737,-83.045361128,183.3,,,
T,42.336842460,-83.045351253,183.3,,,
T,42.336826405,-83.045340146,183.3,,,
T,42.336812809,-83.045330770,183.3,,,
T,42.336794780,-83.045318291,183.3,,,
T,42.336781674,-83.045309759,183.3,,,
T,42.336765944,-83.045299946,183.3,,,
T,42.336750671,-83.045289934,183.3,,,
T,42.336735766,-83.045279661,183.3,,,
T,42.336722810,-83.045271298,183.3,,,
T,42.336709261,-83.045261972,183.3,,,
T,42.336693436,-83.045251045,183.3,,,
T,42.336680029,-83.045241766,183.3,,,
T,42.336664771,-83.045231206,183.3,,,
T,42.336647636,-83.045219349,183.3,,,
T,42.336633312,-83.045209829,183.3,,,
T,42.336621351,-83.045201565,183.3,,,
T,42.336606847,-83.045191528,183.3,,,
T,42.336590315,-83.045180089,183.3,,,
T,42.336576109,-83.045170715,183.3,,,
T,42.336562567,-83.045161796,183.3,,,
T,42.336547677,-83.045151502,183.3,,,
T,42.336535777,-83.045143289,183.3,,,
T,42.336519281,-83.045131824,183.3,,,
T,42.336509540,-83.045125148,183.3,,,
T,42.336494197,-83.045114551,183.3,,,
T,42.336483423,-83.045107119,183.4,,,
T,42.336467556,-83.045096188,183.4,,,
T,42.336454535,-83.045087677,183.4,,,
T,42.336437398,-83.045075834,183.4,,,
T,42.336424034,-83.045066585,183.4,,,
T,42.336407964,-83.045055473,183.4,,,
T,42.336393491,-83.045045459,183.4,,,
T,42.336381251,-83.045036989,183.4,,,
T,42.336366857,-83.045027031,183.4,,,
T,42.336354800,-83.045019196,183.4,,,
T,42.336344295,-83.045012466,183.4,,,
T,42.336332397,-83.045004270,183.4,,,
T,42.336318693,-83.044994799,183.4,,,
T,42.336307302,-83.044986949,183.4,,,
T,42.336292129,-83.044976492,183.4,,,
T,42.336279617,-83.044967864,183.4,,,
T,42.336268577,-83.044960331,183.4,,,
T,42.336258003,-83.044953154,183.4,,,
T,42.336240357,-83.044941421,183.4,,,
T,42.336227695,-83.044932699,183.4,,,
T,42.336215539,-83.044924345,183.4,,,
T,42.336203256,-83.044915856,183.4,,,
T,42.336188229,-83.044905939,183.4,,,
T,42.336177478,-83.044898522,183.4,,,
T,42.336160455,-83.044886754,183.4,,,
T,42.336146414,-83.044877037,183.3,,,
T,42.336132170,-83.044867193,183.3,,,
T,42.336118298,-83.044857594,183.3,,,
T,42.336102970,-83.044846988,183.3,,,
T,42.336090411,-83.044838356,183.3,,,
T,42.336078460,-83.044830125,183.3,,,
T,42.336066271,-83.044821718,183.3,,,
T,42.336054024,-83.044813546,183.3,,,
T,42.336040171,-83.044804027,183.3,,,
T,42.336024525,-83.044793216,183.3,,,
T,42.336011484,-83.044784233,183.3,,,
T,42.336001091,-83.044777055,183.3,,,
T,42.335990250,-83.044768959,183.3,,,
T,42.335973325,-83.044756388,183.3,,,
T,42.335960640,-83.044746687,183.3,,,
T,42.335948884,-83.044737918,183.3,,,
T,42.335937881,-83.044729978,183.3,,,
T,42.335927112,-83.044722527,183.3,,,
T,42.335915509,-83.044714499,183.3,,,
T,42.335905418,-83.044706861,183.4,,,
T,42.335894757,-83.044698821,183.4,,,
T,42.335883379,-83.044690621,183.4,,,
T,42.335874068,-83.044683490,183.4,,,
T,42.335860967,-83.044674120,183.4,,,
T,42.335848981,-83.044664784,183.4,,,
T,42.335838423,-83.044656758,183.4,,,
T,42.335826510,-83.044647834,183.4,,,
T,42.335815724,-83.044639661,183.4,,,
T,42.335804417,-83.044631837,183.4,,,
T,42.335790791,-83.044621688,183.4,,,
T,42.335778662,-83.044613229,183.4,,,
T,42.335766949,-83.044605050,183.3,,,
T,42.335755636,-83.044597176,183.3,,,
T,42.335743228,-83.044588200,183.3,,,
T,42.335732285,-83.044580558,183.3,,,
T,42.335720704,-83.044571763,183.3,,,
T,42.335711234,-83.044565211,183.3,,,
T,42.335699035,-83.044556750,183.3,,,
T,42.335687718,-83.044548919,183.3,,,
T,42.335677179,-83.044541617,183.4,,,
T,42.335668040,-83.044535282,183.4,,,
T,42.335657400,-83.044527910,183.4,,,
T,42.335646437,-83.044519900,183.4,,,
T,42.335635591,-83.044512396,183.4,,,
T,42.335623965,-83.044503570,183.4,,,
T,42.335612827,-83.044495833,183.4,,,
T,42.335601324,-83.044487821,183.4,,,
T,42.335590552,-83.044479939,183.4,,,
T,42.335580000,-83.044472550,183.5,,,
T,42.335567719,-83.044463616,183.5,,,
T,42.335556435,-83.044455951,183.5,,,
T,42.335544766,-83.044447867,183.5,,,
T,42.335534448,-83.044440701,183.5,,,
T,42.335522850,-83.044432815,183.5,,,
T,42.335512845,-83.044425892,183.5,,,
T,42.335503082,-83.044418787,183.5,,,
T,42.335493542,-83.044412175,183.5,,,
T,42.335481372,-83.044403630,183.5,,,
T,42.335470684,-83.044396275,183.5,,,
T,42.335459101,-83.044387977,183.5,,,
T,42.335448292,-83.044380875,183.5,,,
T,42.335437533,-83.044373285,183.5,,,
T,42.335427476,-83.044366330,183.5,,,
T,42.335416014,-83.044358422,183.5,,,
T,42.335404900,-83.044350435,183.5,,,
T,42.335395878,-83.044344190,183.5,,,
T,42.335387142,-83.044338146,183.5,,,
T,42.335378623,-83.044332254,183.5,,,
T,42.335369130,-83.044325696,183.5,,,
T,42.335358565,-83.044318725,183.5,,,
T,42.335350135,-83.044312921,183.5,,,
T,42.335341236,-83.044306646,183.6,,,
T,42.335331528,-83.044299924,183.6,,,
T,42.335322874,-83.044293944,183.6,,,
T,42.335313827,-83.044287502,183.6,,,
T,42.335304629,-83.044281342,183.6,,,
T,42.335294854,-83.044274782,183.6,,,
T,42.335286220,-83.044269240,183.6,,,
T,42.335277012,-83.044263050,183.6,,,
T,42.335268476,-83.044257655,183.6,,,
T,42.335259008,-83.044250424,183.7,,,
T,42.335250118,-83.044244463,183.7,,,
T,42.335241229,-83.044238504,183.7,,,
T,42.335231145,-83.044231988,183.7,,,
T,42.335221007,-83.044225170,183.7,,,
T,42.335210278,-83.044217151,183.7,,,
T,42.335198952,-83.044209269,183.7,,,
T,42.335185523,-83.044199056,183.7,,,
T,42.335176064,-83.044191781,183.7,,,
T,42.335139413,-83.044167987,183.7,,,
T,42.335118049,-83.044157066,183.7,,,
T,42.335100023,-83.044146899,183.7,,,
T,42.335084866,-83.044136874,183.7,,,
T,42.335071968,-83.044128166,183.7,,,
T,42.335059699,-83.044119957,183.7,,,
T,42.335047813,-83.044111788,183.7,,,
T,42.335036087,-83.044104002,183.7,,,
T,42.335023199,-83.044095384,183.7,,,
T,42.335011856,-83.044088171,183.6,,,
T,42.334999373,-83.044080065,183.6,,,
T,42.334987943,-83.044071948,183.6,,,
T,42.334975083,-83.044062880,183.6,,,
T,42.334964061,-83.044055792,183.6,,,
T,42.334951724,-83.044047041,183.6,,,
T,42.334939747,-83.044038566,183.6,,,
T,42.334926840,-83.044030200,183.6,,,
T,42.334916356,-83.044023812,183.5,,,
T,42.334905535,-83.044016460,183.5,,,
T,42.334895278,-83.044009463,183.5,,,
T,42.334884342,-83.044001746,183.5,,,
T,42.334872321,-83.043993510,183.5,,,
T,42.334862964,-83.043987035,183.5,,,
T,42.334852136,-83.043979824,183.5,,,
T,42.334843676,-83.043974190,183.5,,,
T,42.334835206,-83.043968550,183.5,,,
T,42.334824184,-83.043961210,183.5,,,
T,42.334811097,-83.043952495,183.5,,,
T,42.334800852,-83.043945672,183.5,,,
T,42.334787505,-83.043936784,183.5,,,
T,42.334776741,-83.043929616,183.5,,,
T,42.334766740,-83.043922956,183.5,,,
T,42.334752609,-83.043913545,183.5,,,
T,42.334740032,-83.043904913,183.5,,,
T,42.334728233,-83.043896543,183.5,,,
T,42.334717020,-83.043888021,183.5,,,
T,42.334703775,-83.043879190,183.5,,,
T,42.334689770,-83.043869307,183.5,,,
T,42.334676014,-83.043859567,183.5,,,
T,42.334660747,-83.043848824,183.5,,,
T,42.334645943,-83.043838963,183.5,,,
T,42.334631871,-83.043829574,183.5,,,
T,42.334616674,-83.043819449,183.5,,,
T,42.334602296,-83.043809878,183.5,,,
T,42.334590580,-83.043802071,183.5,,,
T,42.334575641,-83.043792122,183.4,,,
T,42.334563634,-83.043784124,183.4,,,
T,42.334552309,-83.043776581,183.4,,,
T,42.334534159,-83.043764492,183.4,,,
T,42.334520103,-83.043755131,183.4,,,
T,42.334505051,-83.043745105,183.4,,,
T,42.334485763,-83.043732264,183.4,,,
T,42.334469166,-83.043721212,183.3,,,
T,42.334456497,-83.043712771,183.3,,,
T,42.334423195,-83.043690597,183.3,,,
T,42.334407450,-83.043680115,183.3,,,
T,42.334389785,-83.043669691,183.3,,,
T,42.334370058,-83.043656535,183.3,,,
T,42.334353790,-83.043645677,183.3,,,
T,42.334318363,-83.043621065,183.3,,,
T,42.334303001,-83.043610837,183.2,,,
T,42.334283640,-83.043597586,183.2,,,
T,42.334266571,-83.043586795,183.2,,,
T,42.334247068,-83.043573775,183.2,,,
T,42.334226236,-83.043559894,183.1,,,
T,42.334207233,-83.043547234,183.1,,,
T,42.334184974,-83.043532411,183.1,,,
T,42.334162341,-83.043517329,183.0,,,
T,42.334139083,-83.043501833,183.0,,,
T,42.334117795,-83.043487664,182.9,,,
T,42.334092910,-83.043471089,182.9,,,
T,42.334076254,-83.043459991,182.9,,,
T,42.334050674,-83.043442949,182.9,,,
T,42.334029492,-83.043428837,182.8,,,
T,42.334009888,-83.043412865,182.8,,,
T,42.333994309,-83.043402601,182.8,,,
T,42.333978145,-83.043391648,182.8,,,
T,42.333962524,-83.043381090,182.8,,,
T,42.333944585,-83.043368746,182.8,,,
T,42.333928666,-83.043358036,182.8,,,
T,42.333910431,-83.043346201,182.7,,,
T,42.333894607,-83.043335063,182.7,,,
T,42.333880056,-83.043325293,182.7,,,
T,42.333860626,-83.043312530,182.6,,,
T,42.333844432,-83.043301677,182.6,,,
T,42.333828459,-83.043291553,182.6,,,
T,42.333809336,-83.043278794,182.5,,,
T,42.333789644,-83.043265649,182.5,,,
T,42.333767097,-83.043251130,182.4,,,
T,42.333753327,-83.043241923,182.4,,,
T,42.333735235,-83.043230393,182.3,,,
T,42.333720651,-83.043220645,182.3,,,
T,42.333697621,-83.043205300,182.3,,,
T,42.333680404,-83.043193829,182.2,,,
T,42.333661340,-83.043181128,182.2,,,
T,42.333640171,-83.043167024,182.2,,,
T,42.333618641,-83.043152689,182.2,,,
T,42.333597063,-83.043138325,182.2,,,
T,42.333583141,-83.043129053,182.2,,,
T,42.333563196,-83.043115767,182.2,,,
T,42.333549131,-83.043106401,182.2,,,
T,42.333532271,-83.043095955,182.2,,,
T,42.333518183,-83.043088635,182.2,,,
T,42.333503397,-83.043079076,182.2,,,
T,42.333481775,-83.043065540,182.2,,,
T,42.333468168,-83.043056772,182.1,,,
T,42.333453471,-83.043046967,182.1,,,
T,42.333440603,-83.043038393,182.1,,,
T,42.333422187,-83.043026129,182.1,,,
T,42.333408222,-83.043016526,182.1,,,
T,42.333392210,-83.043005864,182.1,,,
T,42.333381451,-83.042999283,182.1,,,
T,42.333366116,-83.042990264,182.1,,,
T,42.333352269,-83.042981639,182.1,,,
T,42.333339210,-83.042973550,182.1,,,
T,42.333326064,-83.042964807,182.1,,,
T,42.333310478,-83.042954430,182.0,,,
T,42.333296120,-83.042944870,182.0,,,
T,42.333281478,-83.042935120,182.0,,,
T,42.333264692,-83.042923943,182.0,,,
T,42.333253012,-83.042916167,182.0,,,
T,42.333236764,-83.042905348,181.9,,,
T,42.333226935,-83.042898804,181.9,,,
T,42.333217432,-83.042892476,181.9,,,
T,42.333205598,-83.042884597,181.9,,,
T,42.333193434,-83.042876499,181.9,,,
T,42.333179315,-83.042867097,181.9,,,
T,42.333169143,-83.042860324,181.9,,,
T,42.333155419,-83.042851187,181.9,,,
T,42.333143201,-83.042843050,181.9,,,
T,42.333132662,-83.042836033,181.9,,,
T,42.333119667,-83.042827380,181.9,,,
T,42.333110716,-83.042821420,181.9,,,
T,42.333099753,-83.042814120,181.9,,,
T,42.333088591,-83.042806689,181.9,,,
T,42.333076871,-83.042798889,181.9,,,
T,42.333061362,-83.042789208,181.9,,,
T,42.333049680,-83.042781438,181.9,,,
T,42.333035946,-83.042772300,181.8,,,
T,42.333022344,-83.042763257,181.8,,,
T,42.333009263,-83.042754550,181.8,,,
T,42.332993707,-83.042744195,181.8,,,
T,42.332981557,-83.042736106,181.8,,,
T,42.332966478,-83.042726067,181.8,,,
T,42.332951791,-83.042716289,181.8,,,
T,42.332939975,-83.042708421,181.7,,,
T,42.332927143,-83.042699877,181.7,,,
T,42.332916835,-83.042693013,181.7,,,
T,42.332905134,-83.042685226,181.7,,,
T,42.332896736,-83.042679635,181.7,,,
T,42.332880386,-83.042668749,181.6,,,
T,42.332867098,-83.042659902,181.6,,,
T,42.332854743,-83.042651675,181.6,,,
T,42.332843181,-83.042643980,181.6,,,
T,42.332832880,-83.042636977,181.5,,,
T,42.332822284,-83.042630277,181.5,,,
T,42.332813482,-83.042624204,181.5,,,
T,42.332798122,-83.042614326,181.5,,,
T,42.332782330,-83.042604455,181.5,,,
T,42.332767508,-83.042595505,181.5,,,
T,42.332752546,-83.042587084,181.5,,,
T,42.332738446,-83.042579328,181.5,,,
T,42.332724148,-83.042570786,181.5,,,
T,42.332709245,-83.042561114,181.5,,,
T,42.332692189,-83.042550894,181.5,,,
T,42.332674963,-83.042541129,181.5,,,
T,42.332661930,-83.042533455,181.6,,,
T,42.332646849,-83.042525089,181.6,,,
T,42.332632535,-83.042517603,181.6,,,
T,42.332617847,-83.042509030,181.6,,,
T,42.332603901,-83.042501053,181.7,,,
T,42.332587134,-83.042490149,181.7,,,
T,42.332569993,-83.042480226,181.8,,,
T,42.332555481,-83.042471954,181.8,,,
T,42.332541846,-83.042462885,181.8,,,
T,42.332525668,-83.042453631,181.9,,,
T,42.332510713,-83.042444593,181.9,,,
T,42.332494472,-83.042434867,181.9,,,
T,42.332480089,-83.042425933,181.9,,,
T,42.332464693,-83.042415455,181.9,,,
T,42.332448971,-83.042404663,181.9,,,
T,42.332434732,-83.042394870,181.9,,,
T,42.332419412,-83.042384919,181.9,,,
T,42.332405910,-83.042376090,181.8,,,
T,42.332393220,-83.042367661,181.8,,,
T,42.332380647,-83.042359342,181.8,,,
T,42.332366670,-83.042349660,181.8,,,
T,42.332353242,-83.042340291,181.8,,,
T,42.332339377,-83.042331451,181.9,,,
T,42.332327418,-83.042323802,181.9,,,
T,42.332313481,-83.042315180,182.0,,,
T,42.332299937,-83.042306170,182.0,,,
T,42.332286747,-83.042296985,182.0,,,
T,42.332273101,-83.042287553,182.1,,,
T,42.332256515,-83.042276683,182.1,,,
T,42.332242667,-83.042267439,182.1,,,
T,42.332228092,-83.042257781,182.2,,,
T,42.332213624,-83.042247774,182.2,,,
T,42.332196576,-83.042236945,182.2,,,
T,42.332183314,-83.042227796,182.2,,,
T,42.332171813,-83.042219792,182.2,,,
T,42.332157475,-83.042209748,182.3,,,
T,42.332141835,-83.042198840,182.3,,,
T,42.332130862,-83.042191208,182.3,,,
T,42.332115394,-83.042180445,182.3,,,
T,42.332100404,-83.042170910,182.3,,,
T,42.332084896,-83.042160650,182.3,,,
T,42.332070512,-83.042151705,182.3,,,
T,42.332055496,-83.042141630,182.3,,,
T,42.332040433,-83.042132150,182.2,,,
T,42.332027284,-83.042123665,182.2,,,
T,42.332012434,-83.042113381,182.2,,,
T,42.331995981,-83.042102556,182.2,,,
T,42.331981410,-83.042094015,182.2,,,
T,42.331966907,-83.042085085,182.2,,,
T,42.331952783,-83.042075613,182.2,,,
T,42.331939762,-83.042066984,182.2,,,
T,42.331924615,-83.042056719,182.2,,,
T,42.331907524,-83.042045108,182.2,,,
T,42.331893452,-83.042035340,182.3,,,
T,42.331876651,-83.042024337,182.3,,,
T,42.331862113,-83.042014974,182.3,,,
T,42.331847545,-83.042006341,182.3,,,
T,42.331831199,-83.041997683,182.3,,,
T,42.331815317,-83.041990790,182.3,,,
T,42.331797991,-83.041984615,182.3,,,
T,42.331780985,-83.041978368,182.3,,,
T,42.331762417,-83.041969761,182.4,,,
T,42.331743834,-83.041960062,182.4,,,
T,42.331727708,-83.041950189,182.4,,,
T,42.331710436,-83.041939552,182.4,,,
T,42.331693780,-83.041929374,182.4,,,
T,42.331678020,-83.041919350,182.4,,,
T,42.331660343,-83.041907620,182.4,,,
T,42.331644225,-83.041896495,182.5,,,
T,42.331624700,-83.041882971,182.5,,,
T,42.331609189,-83.041872698,182.5,,,
T,42.331592557,-83.041861072,182.5,,,
T,42.331574802,-83.041848660,182.5,,,
T,42.331557168,-83.041836305,182.6,,,
T,42.331538458,-83.041823287,182.6,,,
T,42.331519804,-83.041810291,182.6,,,
T,42.331500895,-83.041797105,182.6,,,
T,42.331480662,-83.041782974,182.6,,,
T,42.331462504,-83.041770762,182.6,,,
T,42.331443777,-83.041758525,182.6,,,
T,42.331426660,-83.041747860,182.6,,,
T,42.331406963,-83.041735463,182.6,,,
T,42.331387719,-83.041722631,182.6,,,
T,42.331368402,-83.041709370,182.6,,,
T,42.331347293,-83.041694975,182.6,,,
T,42.331325187,-83.041680046,182.6,,,
T,42.331304229,-83.041665408,182.6,,,
T,42.331280487,-83.041648817,182.6,,,
T,42.331258272,-83.041633317,182.6,,,
T,42.331237886,-83.041619115,182.6,,,
T,42.331213844,-83.041602335,182.6,,,
T,42.331194716,-83.041590392,182.6,,,
T,42.331165706,-83.041571329,182.6,,,
T,42.331147096,-83.041558795,182.6,,,
T,42.331131485,-83.041547979,182.6,,,
T,42.331112506,-83.041534788,182.6,,,
T,42.331093198,-83.041521296,182.7,,,
T,42.331074275,-83.041508073,182.7,,,
T,42.331050912,-83.041492299,182.7,,,
T,42.331029913,-83.041478950,182.7,,,
T,42.331009593,-83.041466976,182.8,,,
T,42.330989798,-83.041454637,182.8,,,
T,42.330969910,-83.041442146,182.8,,,
T,42.330950514,-83.041429789,182.8,,,
T,42.330936473,-83.041420263,182.8,,,
T,42.330917360,-83.041408263,182.8,,,
T,42.330900786,-83.041396937,182.9,,,
T,42.330884641,-83.041386116,182.9,,,
T,42.330869705,-83.041376305,182.9,,,
T,42.330852447,-83.041364661,182.9,,,
T,42.330835254,-83.041353720,182.9,,,
T,42.330819426,-83.041342540,182.9,,,
T,42.330802532,-83.041332441,182.9,,,
T,42.330787110,-83.041323386,182.9,,,
T,42.330772567,-83.041314352,182.9,,,
T,42.330757975,-83.041305172,182.9,,,
T,42.330742542,-83.041294855,182.9,,,
T,42.330726290,-83.041284016,182.9,,,
T,42.330710305,-83.041272860,182.9,,,
T,42.330697337,-83.041263882,182.9,,,
T,42.330677491,-83.041250069,182.9,,,
T,42.330660984,-83.041239344,182.9,,,
T,42.330648532,-83.041230774,182.9,,,
T,42.330636720,-83.041224035,182.9,,,
T,42.330621429,-83.041213835,182.9,,,
T,42.330607819,-83.041204703,182.9,,,
T,42.330598168,-83.041198140,182.9,,,
T,42.330583330,-83.041187953,182.9,,,
T,42.330568091,-83.041177381,182.9,,,
T,42.330556946,-83.041169609,182.9,,,
T,42.330543936,-83.041160547,182.9,,,
T,42.330532897,-83.041152946,182.9,,,
T,42.330520957,-83.041145959,182.9,,,
T,42.330510524,-83.041139796,182.9,,,
T,42.330499531,-83.041134703,182.9,,,
T,42.330490549,-83.041131746,182.9,,,
T,42.330480489,-83.041129951,182.9,,,
T,42.330471656,-83.041129025,182.9,,,
T,42.330462745,-83.041129317,182.9,,,
T,42.330453792,-83.041130892,182.9,,,
T,42.330445885,-83.041132504,183.0,,,
T,42.330437156,-83.041135946,183.0,,,
T,42.330428324,-83.041140357,183.0,,,
T,42.330420720,-83.041143810,183.0,,,
T,42.330412138,-83.041148536,183.0,,,
T,42.330402874,-83.041153319,182.9,,,
T,42.330392463,-83.041158752,182.9,,,
T,42.330383996,-83.041164324,182.9,,,
T,42.330373839,-83.041170600,182.9,,,
T,42.330364551,-83.041176927,182.9,,,
T,42.330352944,-83.041184464,182.9,,,
T,42.330344920,-83.041190019,182.9,,,
T,42.330335882,-83.041196067,182.8,,,
T,42.330327242,-83.041203073,182.8,,,
T,42.330319121,-83.041210555,182.8,,,
T,42.330311738,-83.041217654,182.8,,,
T,42.330303970,-83.041225493,182.8,,,
T,42.330298305,-83.041231755,182.8,,,
T,42.330293181,-83.041238598,182.8,,,
T,42.330287776,-83.041246191,182.8,,,
T,42.330282505,-83.041255526,182.8,,,
T,42.330276411,-83.041267156,182.8,,,
T,42.330271797,-83.041276803,182.8,,,
T,42.330267474,-83.041285748,182.8,,,
T,42.330262841,-83.041293835,182.8,,,
T,42.330258412,-83.041303900,182.8,,,
T,42.330254243,-83.041312711,182.8,,,
T,42.330249625,-83.041323445,182.8,,,
T,42.330245321,-83.041334604,182.8,,,
T,42.330240182,-83.041344879,182.8,,,
T,42.330234675,-83.041357010,182.8,,,
T,42.330230202,-83.041367456,182.8,,,
T,42.330224291,-83.041378744,182.9,,,
T,42.330218950,-83.041390045,182.9,,,
T,42.330213089,-83.041403630,182.9,,,
T,42.330202006,-83.041426676,182.9,,,
T,42.330190179,-83.041453422,182.9,,,
T,42.330184190,-83.041468129,182.9,,,
T,42.330177578,-83.041482100,182.9,,,
T,42.330167423,-83.041504671,183.0,,,
T,42.330158119,-83.041524968,183.0,,,
T,42.330146781,-83.041551640,183.0,,,
T,42.330135766,-83.041577464,183.0,,,
T,42.330124045,-83.041604208,183.0,,,
T,42.330109721,-83.041637551,182.9,,,
T,42.330099956,-83.041660501,182.9,,,
T,42.330090886,-83.041681179,182.9,,,
T,42.330083005,-83.041699930,182.9,,,
T,42.330075425,-83.041717022,182.9,,,
T,42.330067057,-83.041735384,182.9,,,
T,42.330059781,-83.041751755,182.9,,,
T,42.330050600,-83.041771448,183.0,,,
T,42.330043507,-83.041787625,183.0,,,
T,42.330036303,-83.041802433,183.0,,,
T,42.330030112,-83.041817290,183.0,,,
T,42.330023637,-83.041831465,183.0,,,
T,42.330016217,-83.041848274,183.0,,,
T,42.330009868,-83.041862400,183.0,,,
T,42.330003449,-83.041875368,183.0,,,
T,42.329995871,-83.041891082,183.0,,,
T,42.329988910,-83.041905035,183.0,,,
T,42.329981899,-83.041919560,183.0,,,
T,42.329975576,-83.041933405,183.0,,,
T,42.329968368,-83.041948071,183.0,,,
T,42.329960374,-83.041962929,183.0,,,
T,42.329952448,-83.041978953,183.0,,,
T,42.329945960,-83.041992295,183.0,,,
T,42.329939244,-83.042006434,183.0,,,
T,42.329932278,-83.042021444,183.0,,,
T,42.329925894,-83.042035753,183.0,,,
T,42.329919236,-83.042050114,183.0,,,
T,42.329913212,-83.042063487,183.0,,,
T,42.329905339,-83.042079281,183.1,,,
T,42.329896633,-83.042097035,183.0,,,
T,42.329887811,-83.042117711,183.0,,,
T,42.329880944,-83.042134762,183.0,,,
T,42.329874480,-83.042149593,183.0,,,
T,42.329867574,-83.042164751,183.0,,,
T,42.329860019,-83.042180315,183.0,,,
T,42.329854018,-83.042193155,183.0,,,
T,42.329846440,-83.042209202,183.0,,,
T,42.329840752,-83.042222754,182.9,,,
T,42.329834068,-83.042236561,182.9,,,
T,42.329827868,-83.042249303,182.9,,,
T,42.329821388,-83.042265420,182.9,,,
T,42.329815576,-83.042279263,182.9,,,
T,42.329809740,-83.042291804,182.9,,,
T,42.329803801,-83.042304050,182.9,,,
T,42.329797969,-83.042317570,182.9,,,
T,42.329792375,-83.042329593,182.9,,,
T,42.329787368,-83.042340952,182.9,,,
T,42.329780900,-83.042355248,182.9,,,
T,42.329775047,-83.042367762,183.0,,,
T,42.329769771,-83.042379596,183.0,,,
T,42.329764933,-83.042390884,183.0,,,
T,42.329758970,-83.042404436,183.0,,,
T,42.329752474,-83.042418343,183.1,,,
T,42.329747386,-83.042429862,183.1,,,
T,42.329741686,-83.042442068,183.1,,,
T,42.329736548,-83.042455230,183.1,,,
T,42.329731185,-83.042467182,183.1,,,
T,42.329725714,-83.042478367,183.2,,,
T,42.329720445,-83.042490191,183.2,,,
T,42.329714646,-83.042502668,183.2,,,
T,42.329709642,-83.042513011,183.2,,,
T,42.329704700,-83.042524665,183.2,,,
T,42.329699395,-83.042536269,183.2,,,
T,42.329693752,-83.042548508,183.2,,,
T,42.329688461,-83.042560979,183.2,,,
T,42.329684185,-83.042571418,183.3,,,
T,42.329679175,-83.042582239,183.3,,,
T,42.329673876,-83.042593709,183.3,,,
T,42.329668738,-83.042605666,183.3,,,
T,42.329663553,-83.042618221,183.3,,,
T,42.329659285,-83.042627420,183.3,,,
T,42.329654432,-83.042637801,183.3,,,
T,42.329649958,-83.042648291,183.3,,,
T,42.329645462,-83.042658835,183.3,,,
T,42.329640782,-83.042669300,183.3,,,
T,42.329635075,-83.042682673,183.3,,,
T,42.329630236,-83.042694013,183.3,,,
T,42.329625198,-83.042705819,183.3,,,
T,42.329619519,-83.042719128,183.3,,,
T,42.329614763,-83.042730272,183.3,,,
T,42.329608782,-83.042744289,183.3,,,
T,42.329603724,-83.042756142,183.3,,,
T,42.329598934,-83.042767366,183.3,,,
T,42.329592464,-83.042782528,183.3,,,
T,42.329588129,-83.042792686,183.2,,,
T,42.329583247,-83.042804125,183.2,,,
T,42.329578855,-83.042814418,183.2,,,
T,42.329573069,-83.042827975,183.2,,,
T,42.329568422,-83.042838866,183.2,,,
T,42.329563052,-83.042851450,183.1,,,
T,42.329559289,-83.042860268,183.1,,,
T,42.329553751,-83.042873246,183.1,,,
T,42.329548526,-83.042885490,183.0,,,
T,42.329541690,-83.042901508,183.0,,,
T,42.329537191,-83.042912052,183.0,,,
T,42.329531507,-83.042925370,182.9,,,
T,42.329526008,-83.042938257,182.9,,,
T,42.329520993,-83.042950008,182.9,,,
T,42.329515545,-83.042962773,182.9,,,
T,42.329510809,-83.042973873,182.9,,,
T,42.329506423,-83.042984149,182.9,,,
T,42.329501264,-83.042996240,182.9,,,
T,42.329496378,-83.043007688,182.9,,,
T,42.329491356,-83.043019458,182.9,,,
T,42.329486211,-83.043031513,182.9,,,
T,42.329480379,-83.043045180,182.9,,,
T,42.329475820,-83.043055863,182.9,,,
T,42.329470723,-83.043067807,182.9,,,
T,42.329463002,-83.043085901,183.0,,,
T,42.329457314,-83.043099230,183.0,,,
T,42.329452449,-83.043110630,183.0,,,
T,42.329445205,-83.043127604,183.0,,,
T,42.329438740,-83.043142755,183.1,,,
T,42.329432337,-83.043158796,183.1,,,
T,42.329427036,-83.043171228,183.1,,,
T,42.329421902,-83.043183264,183.2,,,
T,42.329415540,-83.043198176,183.2,,,
T,42.329409700,-83.043212396,183.2,,,
T,42.329403752,-83.043226878,183.2,,,
T,42.329398633,-83.043238889,183.2,,,
T,42.329392241,-83.043253874,183.2,,,
T,42.329384911,-83.043271565,183.2,,,
T,42.329378638,-83.043286303,183.2,,,
T,42.329372008,-83.043301959,183.2,,,
T,42.329365110,-83.043319620,183.2,,,
T,42.329358855,-83.043335167,183.2,,,
T,42.329353428,-83.043347908,183.2,,,
T,42.329347652,-83.043361451,183.2,,,
T,42.329341817,-83.043375134,183.2,,,
T,42.329336267,-83.043388134,183.2,,,
T,42.329329753,-83.043403382,183.2,,,
T,42.329322727,-83.043420303,183.2,,,
T,42.329316379,-83.043435665,183.2,,,
T,42.329309301,-83.043452260,183.2,,,
T,42.329301047,-83.043472069,183.2,,,
T,42.329293990,-83.043489610,183.2,,,
T,42.329287061,-83.043505852,183.2,,,
T,42.329279069,-83.043524586,183.2,,,
T,42.329271849,-83.043541519,183.1,,,
T,42.329264264,-83.043559297,183.1,,,
T,42.329256880,-83.043577098,183.1,,,
T,42.329249353,-83.043594749,183.1,,,
T,42.329241500,-83.043613157,183.1,,,
T,42.329232152,-83.043635052,183.1,,,
T,42.329221485,-83.043660129,183.1,,,
T,42.329213405,-83.043679071,183.1,,,
T,42.329204794,-83.043699270,183.1,,,
T,42.329196330,-83.043719088,183.1,,,
T,42.329187269,-83.043740307,183.1,,,
T,42.329178929,-83.043759838,183.1,,,
T,42.329170956,-83.043778503,183.1,,,
T,42.329163517,-83.043795913,183.1,,,
T,42.329156271,-83.043812882,183.2,,,
T,42.329147744,-83.043832835,183.2,,,
T,42.329139464,-83.043852221,183.2,,,
T,42.329132089,-83.043869486,183.2,,,
T,42.329122368,-83.043892240,183.2,,,
T,42.329114397,-83.043910895,183.2,,,
T,42.329107339,-83.043927409,183.3,,,
T,42.329097326,-83.043950836,183.3,,,
T,42.329088730,-83.043970949,183.3,,,
T,42.329080447,-83.043990338,183.3,,,
T,42.329072328,-83.044009346,183.3,,,
T,42.329062817,-83.044031613,183.3,,,
T,42.329054560,-83.044050946,183.3,,,
T,42.329045409,-83.044072371,183.3,,,
T,42.329037423,-83.044091062,183.2,,,
T,42.329027625,-83.044113997,183.2,,,
T,42.329019037,-83.044134107,183.2,,,
T,42.329011024,-83.044152854,183.2,,,
T,42.329002050,-83.044173862,183.1,,,
T,42.328992216,-83.044196876,183.1,,,
T,42.328983705,-83.044216318,183.1,,,
T,42.328976226,-83.044233822,183.1,,,
T,42.328967187,-83.044254980,183.1,,,
T,42.328960229,-83.044271287,183.1,,,
T,42.328952025,-83.044290522,183.1,,,
T,42.328942612,-83.044312558,183.1,,,
T,42.328933316,-83.044333827,183.1,,,
T,42.328924387,-83.044354246,183.0,,,
T,42.328916053,-83.044373755,183.0,,,
T,42.328906829,-83.044395351,183.0,,,
T,42.328898668,-83.044414460,183.0,,,
T,42.328890829,-83.044432815,183.1,,,
T,42.328881940,-83.044453627,183.1,,,
T,42.328875277,-83.044469218,183.1,,,
T,42.328867565,-83.044487270,183.1,,,
T,42.328857409,-83.044511047,183.1,,,
T,42.328848082,-83.044532880,183.1,,,
T,42.328838241,-83.044555936,183.1,,,
T,42.328828335,-83.044579123,183.1,,,
T,42.328815549,-83.044609054,183.2,,,
T,42.328808441,-83.044625693,183.2,,,
T,42.328799281,-83.044647134,183.2,,,
T,42.328788517,-83.044670804,183.2,,,
T,42.328780533,-83.044688365,183.2,,,
T,42.328769067,-83.044714697,183.2,,,
T,42.328759318,-83.044734829,183.2,,,
T,42.328747087,-83.044761204,183.2,,,
T,42.328734810,-83.044788705,183.2,,,
T,42.328727627,-83.044805577,183.3,,,
T,42.328711557,-83.044845154,183.3,,,
T,42.328700030,-83.044873274,183.3,,,
T,42.328688547,-83.044902233,183.4,,,
T,42.328677880,-83.044929309,183.4,,,
T,42.328665508,-83.044961358,183.5,,,
T,42.328652570,-83.044995684,183.5,,,
T,42.328640552,-83.045027467,183.6,,,
T,42.328630870,-83.045052330,183.6,,,
T,42.328619132,-83.045081324,183.6,,,
T,42.328606451,-83.045111542,183.6,,,
T,42.328596559,-83.045135161,183.6,,,
T,42.328586291,-83.045159329,183.6,,,
T,42.328575854,-83.045184070,183.6,,,
T,42.328565987,-83.045208313,183.6,,,
T,42.328557551,-83.045228312,183.6,,,
T,42.328550059,-83.045246310,183.6,,,
T,42.328540591,-83.045267677,183.6,,,
T,42.328531609,-83.045288139,183.6,,,
T,42.328522840,-83.045308284,183.6,,,
T,42.328515035,-83.045326167,183.6,,,
T,42.328505777,-83.045348071,183.6,,,
T,42.328497002,-83.045369752,183.6,,,
T,42.328488355,-83.045389531,183.6,,,
T,42.328478345,-83.045412376,183.6,,,
T,42.328469762,-83.045431344,183.6,,,
T,42.328461155,-83.045450508,183.6,,,
T,42.328450902,-83.045474877,183.5,,,
T,42.328443499,-83.045491860,183.5,,,
T,42.328433581,-83.045513725,183.5,,,
T,42.328423131,-83.045536755,183.5,,,
T,42.328413541,-83.045558284,183.5,,,
T,42.328404451,-83.045579526,183.5,,,
T,42.328394067,-83.045604103,183.4,,,
T,42.328385288,-83.045625594,183.4,,,
T,42.328378339,-83.045642254,183.4,,,
T,42.328370182,-83.045661438,183.4,,,
T,42.328362327,-83.045681607,183.4,,,
T,42.328352943,-83.045701808,183.4,,,
T,42.328344741,-83.045720783,183.4,,,
T,42.328337574,-83.045738303,183.4,,,
T,42.328328230,-83.045759004,183.4,,,
T,42.328318825,-83.045780362,183.4,,,
T,42.328310220,-83.045799318,183.4,,,
T,42.328299094,-83.045825010,183.4,,,
T,42.328287621,-83.045851400,183.4,,,
T,42.328273610,-83.045882097,183.4,,,
T,42.328260458,-83.045913604,183.4,,,
T,42.328250694,-83.045936755,183.4,,,
T,42.328236678,-83.045968255,183.5,,,
T,42.328226162,-83.045992569,183.5,,,
T,42.328213336,-83.046021234,183.5,,,
T,42.328202287,-83.046048700,183.5,,,
T,42.328190183,-83.046076620,183.6,,,
T,42.328177368,-83.046105098,183.5,,,
T,42.328167009,-83.046128657,183.5,,,
T,42.328153547,-83.046159618,183.5,,,
T,42.328138381,-83.046193541,183.4,,,
T,42.328123825,-83.046225645,183.3,,,
T,42.328110273,-83.046255539,183.3,,,
T,42.328096047,-83.046286925,183.2,,,
T,42.328087519,-83.046307627,183.1,,,
T,42.328080056,-83.046326184,183.0,,,
T,42.328071764,-83.046346877,183.0,,,
T,42.328063402,-83.046367429,182.9,,,
T,42.328054129,-83.046390110,182.8,,,
T,42.328044809,-83.046411054,182.7,,,
T,42.328034984,-83.046434177,182.7,,,
T,42.328025465,-83.046457570,182.6,,,
T,42.328018945,-83.046473415,182.5,,,
T,42.328011550,-83.046491762,182.4,,,
T,42.328002512,-83.046512488,182.3,,,
T,42.327994562,-83.046530581,182.3,,,
T,42.327986339,-83.046549551,182.3,,,
T,42.327978045,-83.046569089,182.3,,,
T,42.327969642,-83.046588771,182.4,,,
T,42.327961123,-83.046607564,182.4,,,
T,42.327952816,-83.046627145,182.5,,,
T,42.327944547,-83.046647731,182.6,,,
T,42.327936903,-83.046664913,182.6,,,
T,42.327930243,-83.046682806,182.7,,,
T,42.327923063,-83.046697948,182.8,,,
T,42.327914944,-83.046715901,182.9,,,
T,42.327906630,-83.046735788,182.9,,,
T,42.327898682,-83.046754991,183.0,,,
T,42.327892046,-83.046771790,183.0,,,
T,42.327883747,-83.046791838,183.0,,,
T,42.327874955,-83.046812127,182.9,,,
T,42.327867476,-83.046829992,182.8,,,
T,42.327860184,-83.046848386,182.7,,,
T,42.327852083,-83.046868826,182.6,,,
T,42.327841233,-83.046894521,182.5,,,
T,42.327831500,-83.046918178,182.3,,,
T,42.327820532,-83.046943940,182.2,,,
T,42.327809689,-83.046968951,182.0,,,
T,42.327798742,-83.046996633,181.9,,,
T,42.327786584,-83.047027447,181.7,,,
T,42.327789134,-83.047020443,181.7,,,
T,42.327781257,-83.047041370,181.6,,,
T,42.327749660,-83.047113018,181.4,,,
T,42.327740181,-83.047135376,181.5,,,
T,42.327730859,-83.047156962,181.6,,,
T,42.327722643,-83.047175081,181.6,,,
T,42.327713476,-83.047197661,181.8,,,
T,42.327704331,-83.047220176,181.9,,,
T,42.327695231,-83.047242728,182.0,,,
T,42.327683365,-83.047271191,182.2,,,
T,42.327675675,-83.047290757,182.4,,,
T,42.327663048,-83.047320398,182.6,,,
T,42.327654291,-83.047341492,182.8,,,
T,42.327645285,-83.047361691,183.0,,,
T,42.327628724,-83.047398283,182.9,,,
T,42.327615983,-83.047428286,182.7,,,
T,42.327605733,-83.047451838,182.5,,,
T,42.327597129,-83.047473202,182.4,,,
T,42.327589059,-83.047492648,182.2,,,
T,42.327580723,-83.047511349,182.1,,,
T,42.327572140,-83.047530658,182.0,,,
T,42.327560448,-83.047556719,181.8,,,
T,42.327553671,-83.047571469,181.6,,,
T,42.327546230,-83.047587982,181.5,,,
T,42.327540638,-83.047602829,181.4,,,
T,42.327533653,-83.047618536,181.3,,,
T,42.327526323,-83.047635167,181.1,,,
T,42.327517595,-83.047655003,181.1,,,
T,42.327511564,-83.047672194,181.2,,,
T,42.327504069,-83.047692235,181.3,,,
T,42.327494449,-83.047715553,181.4,,,
T,42.327484484,-83.047737930,181.5,,,
T,42.327474761,-83.047761948,181.6,,,
T,42.327465236,-83.047784452,181.8,,,
T,42.327458547,-83.047802298,182.0,,,
T,42.327450817,-83.047820373,182.1,,,
T,42.327441600,-83.047841108,182.3,,,
T,42.327435670,-83.047854896,182.5,,,
T,42.327428715,-83.047871220,182.7,,,
T,42.327419649,-83.047893026,182.9,,,
T,42.327412092,-83.047911190,183.2,,,
T,42.327405528,-83.047928071,183.2,,,
T,42.327400099,-83.047944687,183.2,,,
T,42.327394969,-83.047961904,183.2,,,
T,42.327390306,-83.047983850,183.1,,,
T,42.327386497,-83.048001292,183.1,,,
T,42.327384466,-83.048023284,183.1,,,
T,42.327381700,-83.048044014,183.1,,,
T,42.327382000,-83.048062298,183.0,,,
T,42.327382023,-83.048091691,183.0,,,
T,42.327382824,-83.048109223,183.0,,,
T,42.327387499,-83.048126962,183.0,,,
T,42.327391245,-83.048141405,182.9,,,
T,42.327397728,-83.048161288,182.9,,,
T,42.327406724,-83.048178208,182.9,,,
